timestamp,ax,ay,az,gx,gy,gz,label
2020-03-13,18:16:14.843,-0.016113, 0.185059, 0.970459,-4.104614, 4.653931, -5.180359,rivka
2020-03-13,18:16:14.871,-0.034424, 0.186523, 1.002686,-4.196167, 6.645203, -3.799438,rivka
2020-03-13,18:16:14.899,-0.042969, 0.180176, 0.962402,3.623962, 6.607056, -0.923157,rivka
2020-03-13,18:16:14.926,-0.051025, 0.190674, 0.994629,2.563477, 7.118225, -0.366211,rivka
2020-03-13,18:16:14.954,-0.055908, 0.175049, 0.985596,-2.006531, 8.735657, -0.968933,rivka
2020-03-13,18:16:14.982,-0.050049, 0.219238, 0.997559,8.514404, 1.304626, -0.999451,rivka
2020-03-13,18:16:15.011,-0.052246, 0.201660, 0.951172,-1.907349, 0.167847, -1.647949,rivka
2020-03-13,18:16:15.039,-0.048096, 0.156250, 0.958252,-3.631592, 1.670837, -0.190735,rivka
2020-03-13,18:16:15.067,-0.067139, 0.173096, 0.968750,6.271362, 5.966187, -2.883911,rivka
2020-03-13,18:16:15.094,-0.076660, 0.211182, 0.967529,14.602661, 4.699707, -10.337830,rivka
2020-03-13,18:16:15.122,-0.062744, 0.260498, 1.017334,4.241943, -0.869751, -4.516602,rivka
2020-03-13,18:16:15.149,-0.070801, 0.243408, 0.949707,-9.361267, -8.689880, -4.486084,rivka
2020-03-13,18:16:15.180,-0.047363, 0.218506, 0.933105,-8.880615, -9.010315, -1.831055,rivka
2020-03-13,18:16:15.209,-0.033203, 0.176270, 0.946045,-12.649536, -4.241943, -0.877380,rivka
2020-03-13,18:16:15.236,-0.026123, 0.149902, 0.975830,-11.772156, -4.020691, -4.478455,rivka
2020-03-13,18:16:15.264,-0.021240, 0.145020, 0.953369,-13.824463, 5.226135, 0.656128,rivka
2020-03-13,18:16:15.292,-0.037598, 0.145752, 1.001709,-0.801086, 4.333496, -0.419617,rivka
2020-03-13,18:16:15.320,-0.050293, 0.161377, 0.980225,-0.770569, 7.690430, -0.343323,rivka
2020-03-13,18:16:15.351,-0.051025, 0.189941, 0.974365,1.396179, 2.624512, -0.144958,rivka
2020-03-13,18:16:15.378,-0.056152, 0.199707, 0.982666,-6.118774, 1.548767, -4.066467,rivka
2020-03-13,18:16:15.406,-0.050293, 0.175293, 0.949463,-6.286621, 2.624512, -4.180908,rivka
2020-03-13,18:16:15.434,-0.039795, 0.175293, 0.988281,0.938416, 2.128601, -2.990723,rivka
2020-03-13,18:16:15.462,-0.047363, 0.181885, 0.973389,-2.769470, 2.929688, -2.227783,rivka
2020-03-13,18:16:15.490,-0.041260, 0.158691, 0.981445,-5.073547, 1.091003, -2.067566,rivka
2020-03-13,18:16:15.517,-0.036621, 0.169434, 0.994141,-0.961304, 2.037048, 0.526428,rivka
2020-03-13,18:16:15.545,-0.042969, 0.164795, 0.974365,3.196716, 4.989624, 1.602173,rivka
2020-03-13,18:16:15.573,-0.048584, 0.193115, 0.982178,2.082825, 5.020142, 0.045776,rivka
2020-03-13,18:16:15.602,-0.062500, 0.187988, 0.974121,-2.593994, 3.150940, 0.602722,rivka
2020-03-13,18:16:15.630,-0.056396, 0.186279, 0.958252,-5.134583, 1.197815, -0.396729,rivka
2020-03-13,18:16:15.658,-0.053711, 0.173340, 0.968750,2.342224, 1.197815, 0.221252,rivka
2020-03-13,18:16:15.685,-0.054443, 0.181885, 0.978271,2.281189, 1.686096, -1.213074,rivka
2020-03-13,18:16:15.713,-0.046387, 0.186768, 0.984375,-3.829956, 1.586914, -0.656128,rivka
2020-03-13,18:16:15.742,-0.049316, 0.189941, 0.958740,-6.011963, -1.884460, -1.358032,rivka
2020-03-13,18:16:15.771,-0.050781, 0.178223, 0.977295,-3.234863, 0.350952, -2.120972,rivka
2020-03-13,18:16:15.798,-0.048096, 0.165039, 0.980713,-2.326965, 2.265930, 0.465393,rivka
2020-03-13,18:16:15.826,-0.046387, 0.193359, 0.990479,-3.746033, 3.288269, -0.770569,rivka
2020-03-13,18:16:15.853,-0.061279, 0.185547, 0.976074,-10.803223, 1.823425, 0.328064,rivka
2020-03-13,18:16:15.882,-0.050049, 0.166016, 0.958252,-6.454468, 0.404358, 0.106812,rivka
2020-03-13,18:16:15.911,-0.038574, 0.156494, 0.978271,-1.083374, 1.441956, 0.564575,rivka
2020-03-13,18:16:15.943,-0.039307, 0.167725, 0.973633,-4.501343, 2.517700, -0.648499,rivka
2020-03-13,18:16:15.970,-0.048828, 0.170654, 0.981201,-1.136780, 1.075745, -0.717163,rivka
2020-03-13,18:16:16.002,-0.054443, 0.152832, 0.962402,-0.289917, 2.586365, 0.579834,rivka
2020-03-13,18:16:16.036,-0.054199, 0.177490, 0.969971,2.243042, 3.379822, 0.434875,rivka
2020-03-13,18:16:16.064,-0.055664, 0.191650, 0.963623,-3.952026, 1.815796, 0.152588,rivka
2020-03-13,18:16:16.093,-0.052002, 0.167725, 0.961426,-3.654480, 0.762939, -0.503540,rivka
2020-03-13,18:16:16.121,-0.047852, 0.173584, 0.987305,-1.876831, 0.236511, -1.350403,rivka
2020-03-13,18:16:16.151,-0.047119, 0.171631, 0.976562,-2.433777, 0.892639, -0.610352,rivka
2020-03-13,18:16:16.179,-0.052002, 0.164795, 0.971436,-2.029419, 1.190186, -0.717163,rivka
2020-03-13,18:16:16.207,-0.048828, 0.179932, 0.992920,-3.341675, 1.396179, -1.716614,rivka
2020-03-13,18:16:16.235,-0.056152, 0.165771, 0.959717,-3.814697, 1.113892, -0.686646,rivka
2020-03-13,18:16:16.262,-0.048584, 0.181641, 0.989258,-2.128601, 1.182556, -1.487732,rivka
2020-03-13,18:16:16.291,-0.045166, 0.162598, 0.974609,-3.921509, 1.251221, -0.205994,rivka
2020-03-13,18:16:16.320,-0.051758, 0.159668, 0.979736,-3.356934, 1.022339, -0.045776,rivka
2020-03-13,18:16:16.350,-0.044678, 0.186768, 0.974854,-2.655029, 0.869751, 0.419617,rivka
2020-03-13,18:16:16.378,-0.046875, 0.162598, 0.977539,-7.278442, 1.258850, 0.755310,rivka
2020-03-13,18:16:16.406,-0.050049, 0.154297, 0.978516,-3.395081, 0.663757, 0.434875,rivka
2020-03-13,18:16:16.435,-0.043213, 0.161133, 0.980469,-0.083923, 1.319885, 1.197815,rivka
2020-03-13,18:16:16.463,-0.046631, 0.159912, 0.985107,-5.424500, 1.899719, -0.404358,rivka
2020-03-13,18:16:16.491,-0.047119, 0.172607, 0.969238,-8.224487, 0.617981, -0.236511,rivka
2020-03-13,18:16:16.518,-0.040527, 0.130859, 0.968506,-6.019592, -0.198364, 1.670837,rivka
2020-03-13,18:16:16.546,-0.039551, 0.160156, 0.982178,-0.762939, 2.365112, 1.045227,rivka
2020-03-13,18:16:16.576,-0.041748, 0.165771, 0.986084,-2.754211, 3.707886, 0.785828,rivka
2020-03-13,18:16:16.606,-0.062256, 0.153076, 0.974609,-1.235962, 0.900269, -0.228882,rivka
2020-03-13,18:16:16.633,-0.058594, 0.171143, 0.963135,-3.707886, 0.083923, 1.258850,rivka
2020-03-13,18:16:16.661,-0.052490, 0.158936, 0.976807,0.717163, 1.907349, 0.099182,rivka
2020-03-13,18:16:16.688,-0.048828, 0.167725, 0.986328,-1.678467, 1.098633, 0.434875,rivka
2020-03-13,18:16:16.716,-0.051025, 0.169189, 0.978760,-3.814697, 0.495911, 0.556946,rivka
2020-03-13,18:16:16.746,-0.046631, 0.169434, 0.963379,0.511169, 0.320435, 0.534058,rivka
2020-03-13,18:16:16.774,-0.041016, 0.171143, 0.989990,1.441956, 0.511169, -0.846863,rivka
2020-03-13,18:16:16.801,-0.040527, 0.179199, 0.995361,-2.586365, 0.961304, -0.656128,rivka
2020-03-13,18:16:16.829,-0.043213, 0.165039, 0.977295,-5.424500, 0.808716, -0.480652,rivka
2020-03-13,18:16:16.857,-0.037354, 0.142334, 0.983643,0.816345, 2.235413, 1.274109,rivka
2020-03-13,18:16:16.887,-0.037598, 0.170898, 0.977051,4.646301, 2.876282, 1.365662,rivka
2020-03-13,18:16:16.916,-0.044922, 0.194092, 0.973145,-3.829956, 1.853943, -1.785278,rivka
2020-03-13,18:16:16.944,-0.051758, 0.163086, 0.981445,-2.334595, 0.862122, -1.091003,rivka
2020-03-13,18:16:16.971,-0.046631, 0.165039, 0.975830,-2.372742, 0.801086, -2.075195,rivka
2020-03-13,18:16:16.999,-0.044678, 0.153076, 0.983154,1.312256, 2.777100, -0.160217,rivka
2020-03-13,18:16:17.029,-0.043457, 0.173828, 0.985107,4.295349, 2.380371, 2.464294,rivka
2020-03-13,18:16:17.058,-0.045410, 0.172607, 0.992920,-1.213074, 0.129700, 4.310608,rivka
2020-03-13,18:16:17.086,-0.072510, 0.139160, 0.947266,-0.122070, 0.213623, 4.257202,rivka
2020-03-13,18:16:17.114,-0.036133, 0.177490, 0.967529,3.639221, 1.647949, 0.671387,rivka
2020-03-13,18:16:17.143,-0.031494, 0.195068, 0.986084,-0.282288, 2.388000, -1.510620,rivka
2020-03-13,18:16:17.171,-0.047607, 0.184326, 0.979980,-3.341675, -0.961304, -0.114441,rivka
2020-03-13,18:16:17.198,-0.042480, 0.177979, 0.961182,-4.180908, -0.534058, -0.633240,rivka
2020-03-13,18:16:17.226,-0.036377, 0.158447, 0.969482,-1.869202, 2.243042, -1.388550,rivka
2020-03-13,18:16:17.253,-0.032715, 0.166504, 0.998291,-3.654480, 7.629395, 1.167297,rivka
2020-03-13,18:16:17.281,-0.048340, 0.191162, 0.997314,0.000000, 1.281738, 0.221252,rivka
2020-03-13,18:16:17.309,-0.041992, 0.172363, 0.974609,-4.531860, 0.572205, 0.732422,rivka
2020-03-13,18:16:17.336,-0.037354, 0.179199, 0.979980,-2.342224, 2.014160, 1.541138,rivka
2020-03-13,18:16:17.364,-0.042236, 0.167236, 0.985107,2.662659, 3.150940, 1.853943,rivka
2020-03-13,18:16:17.392,-0.039795, 0.189209, 0.991211,3.875732, 2.136230, -0.427246,rivka
2020-03-13,18:16:17.421,-0.048828, 0.186279, 0.965088,-0.785828, 0.785828, 0.106812,rivka
2020-03-13,18:16:17.448,-0.042480, 0.178467, 0.975098,0.358582, 0.495911, -1.014709,rivka
2020-03-13,18:16:17.476,-0.038574, 0.177246, 0.998291,1.174927, 3.349304, -6.401062,rivka
2020-03-13,18:16:17.503,-0.039551, 0.156982, 0.970703,-3.890991, -0.228882, -1.380920,rivka
2020-03-13,18:16:17.531,-0.032227, 0.170166, 1.000000,8.384705, -3.623962, -1.380920,rivka
2020-03-13,18:16:17.560,-0.038574, 0.169922, 0.980469,-0.015259, 2.265930, -1.159668,rivka
2020-03-13,18:16:17.590,-0.039551, 0.188965, 0.980713,-2.296448, 0.762939, -1.731873,rivka
2020-03-13,18:16:17.619,-0.041016, 0.179443, 0.979004,-4.409790, -0.160217, 1.914978,rivka
2020-03-13,18:16:17.646,-0.036377, 0.181152, 0.976807,-1.762390, -0.976562, -1.190186,rivka
2020-03-13,18:16:17.674,-0.036865, 0.173584, 0.962158,-0.976562, 2.075195, 0.801086,rivka
2020-03-13,18:16:17.704,-0.037109, 0.182373, 0.987793,-1.815796, 2.426147, -0.381470,rivka
2020-03-13,18:16:17.732,-0.042236, 0.180420, 0.971436,-4.776001, 0.099182, -1.693726,rivka
2020-03-13,18:16:17.760,-0.035645, 0.173096, 0.978027,-0.038147, -0.495911, -0.984192,rivka
2020-03-13,18:16:17.787,-0.035400, 0.156494, 0.969971,-2.540588, 2.731323, -1.274109,rivka
2020-03-13,18:16:17.815,-0.031006, 0.177002, 0.984131,-1.014709, 2.677917, -0.595093,rivka
2020-03-13,18:16:17.843,-0.040039, 0.182861, 0.977539,-3.517151, 1.731873, -0.862122,rivka
2020-03-13,18:16:17.871,-0.035645, 0.168457, 0.965576,-2.365112, 1.525879, -0.335693,rivka
2020-03-13,18:16:17.898,-0.037354, 0.165771, 0.975342,-0.671387, 2.998352, -0.541687,rivka
2020-03-13,18:16:17.926,-0.035889, 0.191895, 0.991211,-0.358582, 3.479004, 0.251770,rivka
2020-03-13,18:16:17.954,-0.041016, 0.196289, 0.974121,-4.859924, 1.609802, -0.213623,rivka
2020-03-13,18:16:17.981,-0.048584, 0.161865, 0.978760,-4.302979, 0.213623, -0.961304,rivka
2020-03-13,18:16:18.009,-0.034668, 0.161621, 0.978760,-0.160217, 1.403809, 0.862122,rivka
2020-03-13,18:16:18.036,-0.036133, 0.191406, 0.985352,0.038147, 2.273560, 1.861572,rivka
2020-03-13,18:16:18.064,-0.037842, 0.187988, 0.978027,-2.105713, 1.136780, 0.289917,rivka
2020-03-13,18:16:18.092,-0.041016, 0.186035, 0.975098,-4.211426, -0.602722, -1.029968,rivka
2020-03-13,18:16:18.121,-0.035889, 0.172363, 0.971191,-2.876282, -0.274658, -0.839233,rivka
2020-03-13,18:16:18.149,-0.031738, 0.173828, 0.965088,-1.945496, 0.328064, -0.198364,rivka
2020-03-13,18:16:18.178,-0.030029, 0.173828, 0.983398,-2.059937, 0.617981, -1.296997,rivka
2020-03-13,18:16:18.205,-0.023438, 0.177979, 0.972900,-6.210327, 1.304626, 0.587463,rivka
2020-03-13,18:16:18.233,-0.015869, 0.156982, 0.959229,-0.228882, 3.303528, 0.442505,rivka
2020-03-13,18:16:18.262,-0.032959, 0.179688, 0.941650,-7.469177, 9.178162, 1.861572,rivka
2020-03-13,18:16:18.291,-0.042969, 0.190430, 0.994141,-1.701355, 4.081726, 0.633240,rivka
2020-03-13,18:16:18.319,-0.046387, 0.177734, 0.962646,-4.470825, 1.091003, 0.083923,rivka
2020-03-13,18:16:18.346,-0.045410, 0.176514, 0.966797,-2.319336, 1.586914, 0.221252,rivka
2020-03-13,18:16:18.374,-0.035645, 0.164551, 0.979248,0.854492, 2.983093, 0.076294,rivka
2020-03-13,18:16:18.402,-0.025635, 0.191406, 1.004150,-2.090454, 3.593445, -0.602722,rivka
2020-03-13,18:16:18.432,-0.039551, 0.175293, 0.982666,-4.028320, 0.869751, 0.076294,rivka
2020-03-13,18:16:18.461,-0.037354, 0.166260, 0.979736,-0.480652, 1.068115, 0.114441,rivka
2020-03-13,18:16:18.488,-0.037354, 0.180664, 0.982910,3.265381, 2.098083, -0.427246,rivka
2020-03-13,18:16:18.516,-0.017334, 0.225342, 0.982910,-1.922607, 2.563477, 0.358582,rivka
2020-03-13,18:16:18.544,-0.043701, 0.178711, 0.974365,-5.790710, 0.617981, -1.304626,rivka
2020-03-13,18:16:18.573,-0.037109, 0.168701, 0.972412,-4.150391, 1.335144, 0.961304,rivka
2020-03-13,18:16:18.600,-0.033447, 0.186523, 0.981689,-0.556946, 2.418518, 0.175476,rivka
2020-03-13,18:16:18.626,-0.040283, 0.184326, 0.986816,-1.853943, 2.464294, -0.595093,rivka
2020-03-13,18:16:18.650,-0.041504, 0.186768, 0.974365,-5.935669, 1.373291, -0.846863,rivka
2020-03-13,18:16:18.676,-0.040283, 0.170654, 0.981201,-8.438110, 0.938416, -0.831604,rivka
2020-03-13,18:16:18.704,-0.037598, 0.150391, 0.947998,-1.091003, 0.808716, -0.244141,rivka
2020-03-13,18:16:18.731,-0.035889, 0.163086, 0.979248,0.213623, 3.501892, 0.228882,rivka
2020-03-13,18:16:18.759,-0.035400, 0.176758, 0.976562,-1.594543, 2.250671, 0.190735,rivka
2020-03-13,18:16:18.787,-0.039795, 0.181641, 0.988281,-6.195068, 0.129700, -1.632690,rivka
2020-03-13,18:16:18.815,-0.034668, 0.158691, 0.958252,-1.228333, 0.885010, -0.648499,rivka
2020-03-13,18:16:18.844,-0.037842, 0.177246, 0.980225,0.411987, 1.785278, -0.045776,rivka
2020-03-13,18:16:18.872,-0.036865, 0.172852, 0.973389,-3.501892, 1.762390, -0.068665,rivka
2020-03-13,18:16:18.899,-0.035889, 0.178955, 0.984375,-7.766724, 0.244141, -1.792908,rivka
2020-03-13,18:16:18.927,-0.033447, 0.164307, 0.980957,-5.241394, 1.335144, -0.991821,rivka
2020-03-13,18:16:18.955,-0.027344, 0.149414, 0.982178,-0.679016, 4.631042, 1.876831,rivka
2020-03-13,18:16:18.984,-0.041992, 0.178955, 0.989502,-1.121521, 4.219055, -0.358582,rivka
2020-03-13,18:16:19.014,-0.044189, 0.183594, 0.982422,-2.914429, 1.586914, -2.563477,rivka
2020-03-13,18:16:19.041,-0.043701, 0.160400, 0.959229,-2.632141, 0.167847, -3.906250,rivka
2020-03-13,18:16:19.068,-0.040527, 0.142090, 0.973389,-1.556396, 0.755310, -1.586914,rivka
2020-03-13,18:16:19.097,-0.035889, 0.175537, 0.997070,-0.762939, 1.525879, 0.511169,rivka
2020-03-13,18:16:19.127,-0.036133, 0.177002, 0.983887,-3.845215, 0.053406, -0.801086,rivka
2020-03-13,18:16:19.157,-0.033203, 0.168945, 0.977295,-2.799988, -1.899719, -0.694275,rivka
2020-03-13,18:16:19.184,-0.028076, 0.157959, 0.977539,2.685547, 1.403809, 1.945496,rivka
2020-03-13,18:16:19.212,-0.033691, 0.175537, 1.005615,-1.205444, 3.372192, 1.663208,rivka
2020-03-13,18:16:19.240,-0.034668, 0.179199, 0.979736,-3.395081, 2.174377, -1.472473,rivka
2020-03-13,18:16:19.270,-0.040527, 0.165039, 0.968994,-5.836487, 0.892639, -1.289368,rivka
2020-03-13,18:16:19.297,-0.038086, 0.164551, 0.984375,-0.190735, 1.312256, -1.098633,rivka
2020-03-13,18:16:19.325,-0.035645, 0.178711, 0.974854,0.427246, 1.342773, 0.091553,rivka
2020-03-13,18:16:19.353,-0.034180, 0.177979, 0.982666,-3.555298, 2.082825, -0.717163,rivka
2020-03-13,18:16:19.381,-0.031250, 0.169189, 0.987061,-2.403259, 1.358032, -0.534058,rivka
2020-03-13,18:16:19.409,-0.028564, 0.157471, 0.983154,0.190735, 2.449036, -0.221252,rivka
2020-03-13,18:16:19.436,-0.036377, 0.178467, 0.970215,-1.022339, 2.571106, 0.358582,rivka
2020-03-13,18:16:19.464,-0.044189, 0.189453, 0.970947,-2.326965, 1.495361, -0.572205,rivka
2020-03-13,18:16:19.491,-0.033691, 0.192627, 0.981445,-6.248474, 1.281738, 0.366211,rivka
2020-03-13,18:16:19.520,-0.038086, 0.161133, 0.961426,-5.119324, 0.785828, -0.831604,rivka
2020-03-13,18:16:19.548,-0.032959, 0.162354, 0.981934,1.014709, 1.670837, 0.076294,rivka
2020-03-13,18:16:19.575,-0.039551, 0.194092, 0.969482,-1.708984, 1.091003, -1.502991,rivka
2020-03-13,18:16:19.602,-0.039795, 0.179932, 0.978760,-7.621765, -1.106262, -3.875732,rivka
2020-03-13,18:16:19.630,-0.027100, 0.153809, 0.993164,-8.758545, -0.694275, -0.885010,rivka
2020-03-13,18:16:19.658,-0.023193, 0.141602, 0.970947,-2.822876, 0.007629, 0.999451,rivka
2020-03-13,18:16:19.689,-0.031006, 0.160400, 0.984863,-2.426147, 3.189087, -0.740051,rivka
2020-03-13,18:16:19.718,-0.033691, 0.168457, 0.989258,-6.111145, 2.296448, 0.167847,rivka
2020-03-13,18:16:19.746,-0.032715, 0.163574, 1.026123,5.264282, -3.608704, -2.029419,rivka
2020-03-13,18:16:19.773,-0.031494, 0.137451, 0.973389,-3.730774, 2.685547, 0.946045,rivka
2020-03-13,18:16:19.802,-0.027588, 0.176270, 0.980469,1.022339, 3.379822, -0.404358,rivka
2020-03-13,18:16:19.830,-0.037109, 0.186279, 0.991455,-4.074097, 2.090454, -0.511169,rivka
2020-03-13,18:16:19.858,-0.022217, 0.223877, 0.995605,-0.503540, -4.188538, -1.091003,rivka
2020-03-13,18:16:19.886,-0.032471, 0.155273, 0.982422,-5.683899, -0.442505, 0.015259,rivka
2020-03-13,18:16:19.913,-0.022705, 0.149658, 0.998047,-1.480103, 1.258850, -0.465393,rivka
2020-03-13,18:16:19.942,-0.029053, 0.166016, 0.976074,0.244141, 2.273560, -0.129700,rivka
2020-03-13,18:16:19.969,-0.031982, 0.170166, 0.986084,-2.410889, 0.465393, -0.938416,rivka
2020-03-13,18:16:19.997,-0.024414, 0.157715, 0.981689,-2.166748, 0.488281, 0.572205,rivka
2020-03-13,18:16:20.024,-0.018311, 0.154541, 0.968750,-0.106812, 1.762390, -0.228882,rivka
2020-03-13,18:16:20.052,-0.025879, 0.151611, 0.983887,-0.198364, 2.006531, -0.595093,rivka
2020-03-13,18:16:20.080,-0.025391, 0.167969, 0.989502,-1.121521, 1.846313, -0.892639,rivka
2020-03-13,18:16:20.108,-0.028320, 0.168213, 0.977783,-3.700256, 0.686646, -0.198364,rivka
2020-03-13,18:16:20.136,-0.028809, 0.170898, 0.971191,-3.013611, 0.877380, -0.656128,rivka
2020-03-13,18:16:20.163,-0.019531, 0.148438, 0.981689,0.839233, 2.410889, 1.121521,rivka
2020-03-13,18:16:20.191,-0.028320, 0.152832, 0.990723,3.494263, 3.051758, 0.144958,rivka
2020-03-13,18:16:20.219,-0.030029, 0.182129, 0.980225,0.556946, 2.487183, 0.000000,rivka
2020-03-13,18:16:20.247,-0.036621, 0.172607, 0.975342,-5.493164, 1.434326, -0.633240,rivka
2020-03-13,18:16:20.275,-0.045166, 0.155029, 0.973145,-0.862122, 0.686646, 0.778198,rivka
2020-03-13,18:16:20.302,-0.027832, 0.162109, 0.990234,2.731323, 1.861572, 0.076294,rivka
2020-03-13,18:16:20.329,-0.015869, 0.166748, 0.971924,-0.129700, 1.670837, 0.076294,rivka
2020-03-13,18:16:20.358,-0.028320, 0.188477, 0.999512,-6.721497, 0.831604, -1.594543,rivka
2020-03-13,18:16:20.389,-0.028076, 0.161133, 0.991211,-5.073547, -0.656128, 0.526428,rivka
2020-03-13,18:16:20.418,-0.019287, 0.148926, 0.981201,-3.929138, 0.762939, 0.473022,rivka
2020-03-13,18:16:20.446,-0.022949, 0.150146, 0.990967,-0.694275, 2.143860, -0.305176,rivka
2020-03-13,18:16:20.473,-0.024170, 0.168701, 0.984863,-6.118774, 2.853394, -0.534058,rivka
2020-03-13,18:16:20.502,-0.035645, 0.154297, 0.962402,-6.263733, 0.823975, -1.838684,rivka
2020-03-13,18:16:20.530,-0.025879, 0.133789, 0.969971,-0.511169, 1.205444, 1.098633,rivka
2020-03-13,18:16:20.557,-0.020752, 0.156250, 0.994873,2.639771, 3.334045, 0.343323,rivka
2020-03-13,18:16:20.585,-0.031250, 0.171143, 0.979248,-1.129150, 2.487183, -0.381470,rivka
2020-03-13,18:16:20.613,-0.035645, 0.164551, 0.983643,-2.243042, 0.862122, 0.007629,rivka
2020-03-13,18:16:20.641,-0.023438, 0.156494, 0.989502,-2.334595, 0.778198, 0.335693,rivka
2020-03-13,18:16:20.669,-0.021484, 0.157959, 0.995361,-2.403259, 1.983643, 0.129700,rivka
2020-03-13,18:16:20.697,-0.022705, 0.161133, 0.970703,-5.081177, 1.617432, -0.907898,rivka
2020-03-13,18:16:20.725,-0.019287, 0.148926, 1.009766,5.043030, -3.898621, -0.999451,rivka
2020-03-13,18:16:20.752,-0.021973, 0.149170, 0.978271,-1.594543, 2.777100, 0.549316,rivka
2020-03-13,18:16:20.780,-0.024902, 0.160400, 1.000244,-1.579285, 4.676819, 0.389099,rivka
2020-03-13,18:16:20.808,-0.036621, 0.164062, 0.976562,-1.586914, 2.471924, -0.427246,rivka
2020-03-13,18:16:20.836,-0.033691, 0.159912, 0.994629,-1.579285, 1.586914, 0.434875,rivka
2020-03-13,18:16:20.864,-0.027832, 0.165283, 0.966309,-2.105713, 0.839233, 0.022888,rivka
2020-03-13,18:16:20.892,-0.031738, 0.156982, 0.982910,-0.923157, 1.235962, -0.267029,rivka
2020-03-13,18:16:20.921,-0.033691, 0.159668, 0.974854,-1.747131, 1.838684, -0.617981,rivka
2020-03-13,18:16:20.948,-0.023438, 0.160645, 0.994385,-2.410889, -0.747681, -0.610352,rivka
2020-03-13,18:16:20.976,-0.026123, 0.138428, 0.960205,-2.960205, -0.755310, -1.304626,rivka
2020-03-13,18:16:21.004,-0.017578, 0.137451, 0.989746,2.723694, 1.365662, -0.602722,rivka
2020-03-13,18:16:21.032,-0.026611, 0.175293, 0.983398,2.319336, 1.487732, 1.152039,rivka
2020-03-13,18:16:21.060,-0.027344, 0.176514, 0.969482,-5.409241, 1.510620, -0.061035,rivka
2020-03-13,18:16:21.089,-0.027100, 0.153320, 0.972900,-4.325867, 1.029968, 0.602722,rivka
2020-03-13,18:16:21.117,-0.028320, 0.139893, 0.990234,0.694275, 1.579285, -0.442505,rivka
2020-03-13,18:16:21.144,-0.020264, 0.153320, 0.985840,2.838135, 2.510071, 0.793457,rivka
2020-03-13,18:16:21.172,-0.023193, 0.161133, 0.978027,-2.807617, 2.388000, 1.846313,rivka
2020-03-13,18:16:21.201,-0.028564, 0.153320, 0.979004,-2.487183, 1.701355, 0.984192,rivka
2020-03-13,18:16:21.229,-0.022949, 0.141113, 0.981934,0.068665, 2.746582, 0.297546,rivka
2020-03-13,18:16:21.257,-0.025635, 0.164062, 0.977295,2.311707, 3.990173, 1.335144,rivka
2020-03-13,18:16:21.284,-0.033691, 0.171387, 0.991943,-2.166748, 3.898621, -0.312805,rivka
2020-03-13,18:16:21.311,-0.029053, 0.156494, 0.969238,-3.479004, 0.724792, -0.801086,rivka
2020-03-13,18:16:21.340,-0.033691, 0.151123, 0.967529,-0.350952, 0.198364, 0.358582,rivka
2020-03-13,18:16:21.369,-0.021484, 0.127197, 0.979248,6.401062, 2.441406, 0.946045,rivka
2020-03-13,18:16:21.397,-0.024902, 0.196045, 1.002197,2.807617, 2.441406, 0.556946,rivka
2020-03-13,18:16:21.425,-0.026123, 0.174072, 0.962158,-4.737854, 2.052307, 1.556396,rivka
2020-03-13,18:16:21.452,-0.037354, 0.143555, 0.996338,-5.699158, 1.907349, -2.502441,rivka
2020-03-13,18:16:21.480,-0.020264, 0.141357, 0.965820,1.106262, 3.089905, 1.335144,rivka
2020-03-13,18:16:21.508,-0.016357, 0.156250, 0.980957,0.991821, 4.402161, 1.914978,rivka
2020-03-13,18:16:21.536,-0.041748, 0.174316, 0.980225,-3.158569, 2.868652, -0.556946,rivka
2020-03-13,18:16:21.564,-0.043945, 0.166504, 0.968262,-3.646851, 0.953674, -1.258850,rivka
2020-03-13,18:16:21.592,-0.030518, 0.153320, 0.972656,-3.265381, 0.892639, -0.488281,rivka
2020-03-13,18:16:21.620,-0.027832, 0.152344, 0.995850,-3.623962, 2.113342, -0.389099,rivka
2020-03-13,18:16:21.649,-0.030762, 0.161865, 0.973145,-2.449036, 1.548767, 0.228882,rivka
2020-03-13,18:16:21.677,-0.031738, 0.162354, 0.971436,-2.822876, 0.900269, -0.488281,rivka
2020-03-13,18:16:21.704,-0.024658, 0.149658, 0.991211,-1.464844, 1.304626, -0.732422,rivka
2020-03-13,18:16:21.732,-0.022949, 0.155029, 0.993164,-1.182556, 1.884460, 1.815796,rivka
2020-03-13,18:16:21.760,-0.021973, 0.169922, 0.997314,-6.370544, 2.632141, -1.274109,rivka
2020-03-13,18:16:21.789,-0.030518, 0.150391, 0.977051,-8.750916, 2.677917, -0.686646,rivka
2020-03-13,18:16:21.817,-0.040527, 0.148438, 0.982178,0.259399, 0.946045, -0.617981,rivka
2020-03-13,18:16:21.845,-0.039062, 0.160156, 0.961426,1.136780, 2.372742, 1.228333,rivka
2020-03-13,18:16:21.873,-0.034912, 0.172363, 0.985352,-0.579834, 1.754761, -0.251770,rivka
2020-03-13,18:16:21.900,-0.031250, 0.168701, 0.982178,-6.095886, 1.098633, -0.457764,rivka
2020-03-13,18:16:21.928,-0.027100, 0.146484, 0.966797,-0.587463, 1.220703, -0.564575,rivka
2020-03-13,18:16:21.956,-0.032471, 0.153809, 0.973633,3.959656, 2.296448, -0.091553,rivka
2020-03-13,18:16:21.984,-0.032959, 0.170166, 0.996582,2.143860, 2.006531, -0.389099,rivka
2020-03-13,18:16:22.011,-0.034180, 0.181152, 0.979004,-3.440857, 0.709534, -0.968933,rivka
2020-03-13,18:16:22.040,-0.031250, 0.148438, 0.977295,-1.533508, -0.076294, -1.670837,rivka
2020-03-13,18:16:22.068,-0.026123, 0.149902, 0.976807,3.517151, 0.946045, -0.160217,rivka
2020-03-13,18:16:22.095,-0.031738, 0.172607, 0.971680,-0.122070, 3.303528, -1.213074,rivka
2020-03-13,18:16:22.123,-0.029541, 0.199707, 0.995361,-2.227783, 1.976013, 1.365662,rivka
2020-03-13,18:16:22.150,-0.027588, 0.170654, 0.998047,-4.402161, 1.197815, -0.991821,rivka
2020-03-13,18:16:22.179,-0.028564, 0.156250, 0.958008,1.594543, 2.220154, 1.182556,rivka
2020-03-13,18:16:22.208,-0.030029, 0.149170, 0.986328,4.058838, 2.403259, -0.343323,rivka
2020-03-13,18:16:22.236,-0.030518, 0.184814, 0.989258,-0.747681, 2.632141, 0.991821,rivka
2020-03-13,18:16:22.264,-0.045166, 0.150146, 0.978271,-2.304077, 2.258301, -1.060486,rivka
2020-03-13,18:16:22.291,-0.034424, 0.150146, 0.976807,0.244141, 1.396179, -0.953674,rivka
2020-03-13,18:16:22.319,-0.030762, 0.157959, 0.989746,2.151489, 2.067566, 0.381470,rivka
2020-03-13,18:16:22.348,-0.036621, 0.173828, 0.983154,0.083923, 1.907349, 0.625610,rivka
2020-03-13,18:16:22.376,-0.032227, 0.178223, 0.979980,0.946045, 1.235962, -0.167847,rivka
2020-03-13,18:16:22.403,-0.025879, 0.163330, 0.980469,-0.717163, 1.502991, -0.274658,rivka
2020-03-13,18:16:22.431,-0.023193, 0.169922, 0.982666,-0.282288, 0.022888, -0.267029,rivka
2020-03-13,18:16:22.459,-0.034180, 0.170898, 0.976562,0.335693, 2.639771, -0.152588,rivka
2020-03-13,18:16:22.486,-0.038574, 0.174805, 0.977783,-1.502991, 2.006531, 0.213623,rivka
2020-03-13,18:16:22.514,-0.033203, 0.164062, 0.986084,-3.044128, 1.686096, -0.656128,rivka
2020-03-13,18:16:22.542,-0.032715, 0.157715, 0.974365,1.373291, 2.128601, 0.823975,rivka
2020-03-13,18:16:22.569,-0.033447, 0.176514, 0.985596,0.595093, 2.334595, -0.747681,rivka
2020-03-13,18:16:22.598,-0.041748, 0.172607, 0.981201,-3.540039, 1.312256, 0.503540,rivka
2020-03-13,18:16:22.626,-0.031250, 0.162354, 0.968506,-1.052856, 1.228333, -0.572205,rivka
2020-03-13,18:16:22.653,-0.026367, 0.183105, 0.996582,1.182556, 3.044128, 0.671387,rivka
2020-03-13,18:16:22.681,-0.032471, 0.177490, 0.980957,-3.990173, 2.937317, 0.358582,rivka
2020-03-13,18:16:22.708,-0.035889, 0.186279, 0.971436,-6.759644, 2.655029, -0.709534,rivka
2020-03-13,18:16:22.737,-0.036377, 0.167969, 0.974854,-7.293701, 2.113342, 0.068665,rivka
2020-03-13,18:16:22.767,-0.036865, 0.146729, 0.988037,-4.737854, 1.579285, -0.648499,rivka
2020-03-13,18:16:22.795,-0.035156, 0.163086, 0.986084,-3.204346, 2.014160, -1.060486,rivka
2020-03-13,18:16:22.823,-0.056641, 0.142090, 0.965820,1.457214, 1.937866, 1.342773,rivka
2020-03-13,18:16:22.850,-0.035400, 0.170166, 0.975342,1.342773, 0.846863, -0.801086,rivka
2020-03-13,18:16:22.879,-0.032471, 0.173096, 0.990479,0.709534, 1.441956, 0.534058,rivka
2020-03-13,18:16:22.908,-0.031982, 0.174561, 0.971680,-4.425049, 1.129150, 0.068665,rivka
2020-03-13,18:16:22.937,-0.030029, 0.161621, 0.988281,-5.760193, 1.213074, -0.885010,rivka
2020-03-13,18:16:22.964,-0.034180, 0.156006, 0.968506,-0.137329, 0.732422, -0.015259,rivka
2020-03-13,18:16:22.992,-0.030762, 0.166260, 0.988770,0.549316, 1.655579, -0.068665,rivka
2020-03-13,18:16:23.020,-0.036621, 0.169922, 0.970459,-3.028870, 1.342773, -0.221252,rivka
2020-03-13,18:16:23.047,-0.030273, 0.168701, 0.981445,-4.318237, 1.579285, -0.778198,rivka
2020-03-13,18:16:23.075,-0.029785, 0.152344, 0.980957,-2.716064, 1.831055, -1.556396,rivka
2020-03-13,18:16:23.103,-0.036377, 0.143799, 0.983154,1.274109, 0.007629, -1.762390,rivka
2020-03-13,18:16:23.130,-0.034668, 0.167725, 0.984131,1.724243, 2.372742, 0.129700,rivka
2020-03-13,18:16:23.158,-0.035156, 0.184082, 0.983398,-4.928589, 1.541138, -0.946045,rivka
2020-03-13,18:16:23.186,-0.040039, 0.158691, 0.958252,-4.737854, -0.671387, -1.708984,rivka
2020-03-13,18:16:23.214,-0.028809, 0.147705, 0.975586,1.693726, -0.534058, -0.602722,rivka
2020-03-13,18:16:23.241,-0.026367, 0.172852, 0.987061,3.219604, 0.831604, -1.083374,rivka
2020-03-13,18:16:23.269,-0.026855, 0.176025, 0.989746,-1.770020, 1.220703, -0.129700,rivka
2020-03-13,18:16:23.298,-0.026855, 0.162109, 0.954102,-3.684998, 0.686646, -0.198364,rivka
2020-03-13,18:16:23.329,-0.023682, 0.142822, 0.963623,2.494812, 1.602173, 1.678467,rivka
2020-03-13,18:16:23.359,-0.025391, 0.175293, 0.995605,2.456665, 2.616882, 0.068665,rivka
2020-03-13,18:16:23.387,-0.039551, 0.186768, 0.968750,-0.457764, 1.739502, 0.976562,rivka
2020-03-13,18:16:23.414,-0.032227, 0.159668, 0.958740,-3.761292, 1.159668, -0.457764,rivka
2020-03-13,18:16:23.443,-0.032227, 0.164795, 1.010010,1.525879, 2.120972, 0.411987,rivka
2020-03-13,18:16:23.472,-0.031982, 0.181152, 0.976074,-0.343323, 1.907349, 1.350403,rivka
2020-03-13,18:16:23.499,-0.026123, 0.173584, 0.976562,-2.540588, 1.899719, 1.899719,rivka
2020-03-13,18:16:23.527,-0.027832, 0.171631, 0.974121,-1.083374, 1.823425, -0.617981,rivka
2020-03-13,18:16:23.555,-0.030518, 0.160645, 0.990479,0.694275, 2.220154, -0.083923,rivka
2020-03-13,18:16:23.584,-0.030273, 0.170898, 0.979736,-0.465393, 2.021790, 0.312805,rivka
2020-03-13,18:16:23.612,-0.026855, 0.191895, 0.979980,-4.173279, 1.785278, -0.686646,rivka
2020-03-13,18:16:23.640,-0.041016, 0.169678, 0.966309,-1.518250, 1.640320, 0.129700,rivka
2020-03-13,18:16:23.667,-0.026123, 0.176514, 1.002441,-0.350952, 2.449036, -0.061035,rivka
2020-03-13,18:16:23.695,-0.022705, 0.172363, 0.984375,-2.510071, 2.639771, 0.755310,rivka
2020-03-13,18:16:23.724,-0.013916, 0.186768, 0.965576,-1.235962, 2.220154, -1.876831,rivka
2020-03-13,18:16:23.752,-0.021484, 0.202393, 0.850098,10.749817, 4.852295, -0.770569,rivka
2020-03-13,18:16:23.780,-0.047119, 0.169678, 0.737061,46.295166, 10.215759, -20.408630,rivka
2020-03-13,18:16:23.808,-0.107910, 0.117676, 0.614258,122.062683, 45.745850, -6.118774,rivka
2020-03-13,18:16:23.835,-0.091553, 0.344238, 1.164795,96.611023, 44.113159, 0.862122,rivka
2020-03-13,18:16:23.865,-0.061035, 0.555420, 1.558350,-7.827759, -240.615845, -1.457214,rivka
2020-03-13,18:16:23.893,-0.044189, 0.237549, 1.266357,-56.640625, -10.047913, -6.530762,rivka
2020-03-13,18:16:23.920,-0.057129, 0.099121, 0.974609,-46.745300, -12.725830, 1.991272,rivka
2020-03-13,18:16:23.948,-0.032959, 0.181885, 0.791504,-37.498474, 2.815247, 14.396667,rivka
2020-03-13,18:16:23.976,-0.112305, 0.265625, 0.825195,-17.906189, 7.423401, -1.731873,rivka
2020-03-13,18:16:24.004,-0.147949, 0.334229, 0.766602,3.089905, 1.358032, -5.554199,rivka
2020-03-13,18:16:24.033,-0.139404, 0.290527, 0.845947,-15.930176, -0.701904, -1.838684,rivka
2020-03-13,18:16:24.063,-0.081299, 0.228516, 1.019043,-16.593933, -0.816345, 0.450134,rivka
2020-03-13,18:16:24.089,-0.049316, 0.169189, 1.071533,-8.880615, -2.616882, -0.831604,rivka
2020-03-13,18:16:24.113,-0.027344, 0.152588, 1.101562,-0.473022, 0.343323, 2.120972,rivka
2020-03-13,18:16:24.139,-0.039551, 0.197510, 1.043457,0.289917, 2.792358, 2.113342,rivka
2020-03-13,18:16:24.167,-0.067871, 0.188721, 0.995850,2.799988, 6.355286, 3.997803,rivka
2020-03-13,18:16:24.195,-0.070801, 0.219971, 0.917480,4.867554, 4.600525, 4.257202,rivka
2020-03-13,18:16:24.222,-0.087646, 0.228760, 0.916992,0.785828, 2.540588, 4.966736,rivka
2020-03-13,18:16:24.250,-0.092773, 0.249756, 0.925781,-6.355286, 0.572205, 2.281189,rivka
2020-03-13,18:16:24.278,-0.094727, 0.219727, 0.918701,-6.980896, -0.259399, -0.373840,rivka
2020-03-13,18:16:24.307,-0.083252, 0.205078, 0.954346,-1.945496, -0.938416, -0.633240,rivka
2020-03-13,18:16:24.335,-0.072510, 0.223633, 0.979248,-2.853394, -0.511169, -1.091003,rivka
2020-03-13,18:16:24.363,-0.068604, 0.219238, 0.981934,-3.044128, -0.991821, -1.342773,rivka
2020-03-13,18:16:24.390,-0.060791, 0.213623, 0.999023,-11.718750, -0.679016, 0.106812,rivka
2020-03-13,18:16:24.419,-0.048828, 0.196777, 0.967773,-3.242493, -1.846313, -1.945496,rivka
2020-03-13,18:16:24.448,-0.052979, 0.211426, 0.989014,-5.378723, 3.608704, 5.325317,rivka
2020-03-13,18:16:24.475,-0.065430, 0.200684, 0.958008,-5.607605, 2.502441, 1.518250,rivka
2020-03-13,18:16:24.503,-0.075195, 0.197021, 0.951904,-3.845215, 2.922058, 1.564026,rivka
2020-03-13,18:16:24.530,-0.076660, 0.204834, 0.961182,2.296448, 2.899170, -0.442505,rivka
2020-03-13,18:16:24.559,-0.073730, 0.200439, 0.968506,4.249573, 2.067566, 1.121521,rivka
2020-03-13,18:16:24.587,-0.090576, 0.226562, 0.978271,6.050110, -0.511169, -0.587463,rivka
2020-03-13,18:16:24.616,-0.074463, 0.238037, 0.967041,-0.877380, 3.875732, 1.434326,rivka
2020-03-13,18:16:24.644,-0.076416, 0.226562, 0.948486,-3.639221, 0.762939, -1.426697,rivka
2020-03-13,18:16:24.672,-0.072266, 0.208252, 0.986816,-3.890991, 0.762939, -0.701904,rivka
2020-03-13,18:16:24.700,-0.070801, 0.224854, 0.963135,-6.797791, -0.251770, -1.373291,rivka
2020-03-13,18:16:24.728,-0.062500, 0.196045, 0.952637,0.595093, -0.495911, -0.686646,rivka
2020-03-13,18:16:24.756,-0.077148, 0.197266, 0.988770,3.875732, 3.128052, 1.014709,rivka
2020-03-13,18:16:24.784,-0.068359, 0.219482, 0.983887,0.663757, 3.662109, -0.015259,rivka
2020-03-13,18:16:24.812,-0.076416, 0.239014, 0.979980,-4.638672, 2.311707, -0.862122,rivka
2020-03-13,18:16:24.840,-0.079834, 0.206055, 0.967773,-3.959656, 0.923157, -0.480652,rivka
2020-03-13,18:16:24.869,-0.068848, 0.214844, 0.953857,-3.433228, 0.808716, -0.099182,rivka
2020-03-13,18:16:24.896,-0.068115, 0.210205, 0.970947,-2.342224, 0.602722, -1.335144,rivka
2020-03-13,18:16:24.924,-0.068848, 0.209229, 0.964600,-3.608704, 0.350952, -1.190186,rivka
2020-03-13,18:16:24.951,-0.063232, 0.199707, 0.964355,-0.724792, 1.029968, -0.480652,rivka
2020-03-13,18:16:24.979,-0.060059, 0.187012, 0.961182,-0.816345, 3.715515, 3.074646,rivka
2020-03-13,18:16:25.009,-0.064697, 0.221191, 0.991699,0.610352, 3.204346, 0.022888,rivka
2020-03-13,18:16:25.039,-0.078369, 0.204346, 0.968506,-5.996704, 1.426697, -1.472473,rivka
2020-03-13,18:16:25.067,-0.067627, 0.197510, 0.959473,-3.364563, 1.266479, 0.396729,rivka
2020-03-13,18:16:25.095,-0.066162, 0.190430, 0.962402,1.441956, 2.494812, -0.297546,rivka
2020-03-13,18:16:25.124,-0.067139, 0.217285, 0.992676,0.450134, 2.815247, 1.930237,rivka
2020-03-13,18:16:25.151,-0.069824, 0.217773, 0.963867,-7.522583, 1.213074, -1.373291,rivka
2020-03-13,18:16:25.179,-0.072266, 0.197754, 0.963379,-5.355835, 0.022888, -0.457764,rivka
2020-03-13,18:16:25.207,-0.069824, 0.192383, 0.970215,-0.595093, 1.464844, 1.655579,rivka
2020-03-13,18:16:25.234,-0.063477, 0.216797, 0.997314,-3.166199, 3.067017, -0.251770,rivka
2020-03-13,18:16:25.263,-0.065674, 0.200439, 0.957764,-3.646851, 1.075745, -0.411987,rivka
2020-03-13,18:16:25.291,-0.073975, 0.195557, 0.970459,-0.091553, 2.082825, 0.144958,rivka
2020-03-13,18:16:25.318,-0.077637, 0.205322, 0.964600,6.072998, 2.487183, 1.792908,rivka
2020-03-13,18:16:25.346,-0.072510, 0.214355, 0.980957,2.372742, 2.151489, -0.961304,rivka
2020-03-13,18:16:25.374,-0.076660, 0.221436, 0.958984,-3.227234, 1.487732, -1.037598,rivka
2020-03-13,18:16:25.403,-0.073730, 0.208252, 0.954102,-2.769470, 0.694275, -0.984192,rivka
2020-03-13,18:16:25.431,-0.067383, 0.194092, 0.953613,0.572205, 1.754761, 1.312256,rivka
2020-03-13,18:16:25.459,-0.064453, 0.211426, 0.988037,-1.747131, 1.625061, -1.373291,rivka
2020-03-13,18:16:25.486,-0.067627, 0.207031, 0.951660,-3.509521, 0.640869, -1.159668,rivka
2020-03-13,18:16:25.514,-0.071533, 0.189209, 0.973633,-4.074097, 0.808716, -1.083374,rivka
2020-03-13,18:16:25.543,-0.066162, 0.194824, 0.967285,1.693726, 1.243591, 0.404358,rivka
2020-03-13,18:16:25.571,-0.064209, 0.210205, 0.979492,2.983093, 1.953125, 0.625610,rivka
2020-03-13,18:16:25.599,-0.072510, 0.217529, 0.964111,-0.442505, 1.296997, -1.007080,rivka
2020-03-13,18:16:25.626,-0.072021, 0.217773, 0.971436,-3.273010, 0.755310, -1.945496,rivka
2020-03-13,18:16:25.654,-0.073486, 0.198730, 0.965332,-1.396179, -0.228882, -0.389099,rivka
2020-03-13,18:16:25.682,-0.072266, 0.210938, 0.968506,-0.938416, 0.389099, -1.464844,rivka
2020-03-13,18:16:25.710,-0.071045, 0.215820, 0.985107,-4.562378, -0.785828, -1.197815,rivka
2020-03-13,18:16:25.737,-0.068115, 0.211426, 0.966064,-4.486084, -1.182556, -1.945496,rivka
2020-03-13,18:16:25.765,-0.064453, 0.193604, 0.977783,-4.508972, -1.113892, -0.129700,rivka
2020-03-13,18:16:25.793,-0.057617, 0.202637, 0.979248,-2.708435, 1.007080, 1.876831,rivka
2020-03-13,18:16:25.821,-0.062012, 0.222168, 0.964355,-3.875732, 0.633240, -0.343323,rivka
2020-03-13,18:16:25.849,-0.065186, 0.211426, 0.967529,-4.409790, -0.068665, -1.930237,rivka
2020-03-13,18:16:25.876,-0.060547, 0.200684, 0.978271,-6.050110, -0.335693, -0.534058,rivka
2020-03-13,18:16:25.904,-0.054688, 0.195068, 0.980957,-3.372192, 1.037598, 1.968384,rivka
2020-03-13,18:16:25.932,-0.061279, 0.196045, 0.968994,-4.508972, 0.228882, -0.373840,rivka
2020-03-13,18:16:25.978,-0.067871, 0.205078, 0.976318,-7.293701, -1.312256, -0.907898,rivka
2020-03-13,18:16:26.006,-0.055908, 0.191895, 0.975342,-8.049011, -1.419067, -0.221252,rivka
2020-03-13,18:16:26.034,-0.056396, 0.185791, 0.961670,-7.324219, -1.510620, -0.305176,rivka
2020-03-13,18:16:26.061,-0.051514, 0.174561, 0.984863,-3.120422, -2.441406, -0.602722,rivka
2020-03-13,18:16:26.090,-0.049805, 0.176025, 0.975342,-4.035950, -1.251221, -0.251770,rivka
2020-03-13,18:16:26.119,-0.051758, 0.201660, 0.979248,-3.471375, -1.968384, -2.105713,rivka
2020-03-13,18:16:26.148,-0.053711, 0.201416, 0.967285,-9.582520, 0.503540, -0.953674,rivka
2020-03-13,18:16:26.176,-0.051025, 0.178955, 0.983887,-5.882263, 0.396729, -0.679016,rivka
2020-03-13,18:16:26.204,-0.037354, 0.187012, 0.970215,-9.895325, -0.373840, -3.738403,rivka
2020-03-13,18:16:26.233,-0.064209, 0.181641, 0.957764,-13.313293, 0.694275, -7.064819,rivka
2020-03-13,18:16:26.262,-0.050537, 0.152832, 0.964111,-4.325867, -1.190186, -1.274109,rivka
2020-03-13,18:16:26.290,-0.051758, 0.188477, 0.982666,-6.828308, 0.205994, -1.113892,rivka
2020-03-13,18:16:26.318,-0.044922, 0.156250, 0.961426,-5.683899, 0.419617, -0.679016,rivka
2020-03-13,18:16:26.345,-0.043457, 0.153809, 0.978760,-2.960205, -1.754761, -6.927490,rivka
2020-03-13,18:16:26.374,-0.061279, 0.181152, 0.970703,2.258301, -0.297546, -13.961792,rivka
2020-03-13,18:16:26.404,-0.060791, 0.168701, 0.983643,-0.076294, 0.419617, -11.032104,rivka
2020-03-13,18:16:26.431,-0.042480, 0.166748, 0.974609,-0.343323, 0.808716, 4.211426,rivka
2020-03-13,18:16:26.459,-0.046631, 0.168945, 0.953613,-0.083923, 2.204895, 4.463196,rivka
2020-03-13,18:16:26.487,-0.041992, 0.179688, 0.971191,-4.776001, 2.067566, 1.831055,rivka
2020-03-13,18:16:26.516,-0.038574, 0.163086, 0.953613,0.755310, -0.839233, 2.693176,rivka
2020-03-13,18:16:26.545,-0.040283, 0.199951, 0.990723,6.042480, -2.372742, 6.027222,rivka
2020-03-13,18:16:26.573,-0.048340, 0.215332, 0.977539,-20.805359, -1.052856, 4.440308,rivka
2020-03-13,18:16:26.600,-0.047363, 0.191406, 0.993896,-39.817810, 1.060486, 15.640259,rivka
2020-03-13,18:16:26.628,-0.030273, 0.144775, 0.978271,-41.969299, -4.379272, 2.700806,rivka
2020-03-13,18:16:26.657,-0.057373, 0.162109, 0.923096,-53.855896, 1.930237, 6.706238,rivka
2020-03-13,18:16:26.686,-0.025879, 0.129639, 0.995605,-77.438354, 5.729675, 7.164001,rivka
2020-03-13,18:16:26.713,-0.040283, 0.025391, 0.976318,-83.244324, -9.552002, -6.706238,rivka
2020-03-13,18:16:26.741,-0.027344, -0.073242, 0.975342,-48.957825, -10.078430, -3.845215,rivka
2020-03-13,18:16:26.768,-0.013428, -0.035645, 1.035889,-17.814636, -8.277893, -8.186340,rivka
2020-03-13,18:16:26.797,-0.027344, -0.002441, 0.964111,-29.914856, -4.730225, 3.784180,rivka
2020-03-13,18:16:26.827,0.011963, -0.107666, 0.979492,-28.594971, 10.375977, 26.817322,rivka
2020-03-13,18:16:26.855,-0.013916, -0.060791, 1.064697,-14.564514, 14.129639, 15.693665,rivka
2020-03-13,18:16:26.882,-0.018799, -0.060791, 1.033936,0.320435, -2.410889, -1.220703,rivka
2020-03-13,18:16:26.910,-0.005371, 0.015625, 0.999268,10.154724, -9.819031, -5.088806,rivka
2020-03-13,18:16:26.939,-0.032227, 0.010986, 0.963623,-18.272400, 3.700256, 1.396179,rivka
2020-03-13,18:16:26.968,-0.018311, -0.041260, 0.980713,-16.731262, 2.029419, 1.220703,rivka
2020-03-13,18:16:26.996,-0.026611, -0.082031, 0.984863,-6.126404, -2.197266, -3.669739,rivka
2020-03-13,18:16:27.023,-0.012207, -0.068359, 0.989746,-15.922546, 1.808167, -6.217957,rivka
2020-03-13,18:16:27.051,-0.020508, -0.005127, 1.014893,-31.425476, -0.633240, -12.924194,rivka
2020-03-13,18:16:27.079,-0.031006, -0.124023, 0.953857,-27.069092, -2.670288, -6.462097,rivka
2020-03-13,18:16:27.108,-0.016113, -0.129150, 0.991211,-12.695312, -1.762390, -3.776550,rivka
2020-03-13,18:16:27.135,-0.003906, -0.085693, 0.985840,-5.989075, -0.633240, -4.364014,rivka
2020-03-13,18:16:27.163,-0.019775, -0.052246, 0.992920,-29.708862, 0.190735, -9.376526,rivka
2020-03-13,18:16:27.190,-0.015381, -0.135254, 0.974854,-24.581909, -4.234314, -3.715515,rivka
2020-03-13,18:16:27.219,-0.007080, -0.128174, 0.983643,-14.274597, -2.059937, -0.938416,rivka
2020-03-13,18:16:27.248,-0.015381, -0.153320, 0.964355,-6.996155, -2.296448, -3.265381,rivka
2020-03-13,18:16:27.277,-0.007812, -0.114014, 0.975098,-15.541077, 2.738953, -2.037048,rivka
2020-03-13,18:16:27.304,-0.002930, -0.135498, 0.978516,-14.648438, 1.625061, 2.754211,rivka
2020-03-13,18:16:27.332,-0.000977, -0.142578, 0.987793,-17.761230, 4.371643, 3.044128,rivka
2020-03-13,18:16:27.360,-0.008301, -0.149170, 0.997070,-16.296387, 1.296997, -7.034302,rivka
2020-03-13,18:16:27.387,-0.010742, -0.168945, 0.941650,-23.429871, 1.182556, -2.082825,rivka
2020-03-13,18:16:27.415,-0.005615, -0.174805, 0.990479,-13.206482, -0.465393, -0.289917,rivka
2020-03-13,18:16:27.442,-0.005859, -0.160400, 0.968506,-22.071838, 3.807068, 2.441406,rivka
2020-03-13,18:16:27.470,-0.006592, -0.185303, 0.977295,-22.239685, -0.755310, -2.227783,rivka
2020-03-13,18:16:27.498,0.001709, -0.187012, 1.011963,-6.965637, -9.307861, -1.121521,rivka
2020-03-13,18:16:27.526,-0.012207, -0.212891, 0.941162,-5.622864, -12.687683, 2.319336,rivka
2020-03-13,18:16:27.554,-0.000488, -0.174072, 0.955078,-21.385193, -7.713318, 0.068665,rivka
2020-03-13,18:16:27.582,0.003662, -0.194092, 0.961670,-23.086548, -6.652832, -0.091553,rivka
2020-03-13,18:16:27.609,0.002930, -0.223145, 0.985352,-22.216797, -6.408691, 0.747681,rivka
2020-03-13,18:16:27.638,0.017090, -0.242432, 0.922119,-15.769958, -0.236511, 5.317688,rivka
2020-03-13,18:16:27.667,0.025146, -0.213379, 0.984375,-15.830994, 6.240845, 4.310608,rivka
2020-03-13,18:16:27.696,0.010742, -0.264160, 0.976074,-17.227173, 2.586365, 4.226685,rivka
2020-03-13,18:16:27.723,-0.001465, -0.248535, 0.936768,-16.738892, 2.761841, 3.562927,rivka
2020-03-13,18:16:27.751,0.008545, -0.251953, 0.928467,-8.117676, 7.217407, 6.072998,rivka
2020-03-13,18:16:27.779,0.013916, -0.229248, 0.968506,-11.138916, 4.554749, 4.264832,rivka
2020-03-13,18:16:27.809,0.002686, -0.273926, 0.934326,-14.663696, 3.379822, 3.692627,rivka
2020-03-13,18:16:27.838,-0.000977, -0.276855, 0.931396,-9.544373, 2.655029, 3.616333,rivka
2020-03-13,18:16:27.865,0.029785, -0.253174, 0.978271,-9.399414, 4.737854, 1.144409,rivka
2020-03-13,18:16:27.893,0.004395, -0.264648, 0.936523,-9.132385, 1.907349, -4.295349,rivka
2020-03-13,18:16:27.922,0.008789, -0.281738, 0.946777,-6.187439, -1.007080, -1.838684,rivka
2020-03-13,18:16:27.949,0.011475, -0.302002, 0.935547,-9.178162, 4.234314, -1.953125,rivka
2020-03-13,18:16:27.977,0.001221, -0.289795, 0.968506,-4.783630, 1.625061, -1.396179,rivka
2020-03-13,18:16:28.005,0.006104, -0.269531, 0.938721,-2.868652, 1.899719, -1.838684,rivka
2020-03-13,18:16:28.033,0.007568, -0.280518, 0.979492,0.221252, 0.038147, -0.717163,rivka
2020-03-13,18:16:28.062,0.011719, -0.304932, 0.927002,-1.350403, 1.266479, -1.846313,rivka
2020-03-13,18:16:28.090,0.012207, -0.268555, 0.939941,-0.488281, 3.128052, -1.228333,rivka
2020-03-13,18:16:28.118,0.004395, -0.287354, 0.941895,0.549316, 2.204895, -1.907349,rivka
2020-03-13,18:16:28.144,0.004395, -0.267578, 0.946533,-3.997803, 2.586365, -0.350952,rivka
2020-03-13,18:16:28.169,0.012207, -0.257812, 0.943359,-4.295349, 2.342224, -0.457764,rivka
2020-03-13,18:16:28.197,0.007080, -0.299561, 0.958008,-4.760742, 4.997253, 0.076294,rivka
2020-03-13,18:16:28.228,0.006348, -0.279785, 0.945068,1.319885, 3.150940, 1.403809,rivka
2020-03-13,18:16:28.258,0.004395, -0.262695, 0.966309,-0.770569, 1.533508, 0.770569,rivka
2020-03-13,18:16:28.286,0.002197, -0.253418, 0.951660,-10.337830, 5.035400, 1.296997,rivka
2020-03-13,18:16:28.313,0.014893, -0.295898, 0.949951,-7.247925, 1.068115, -2.105713,rivka
2020-03-13,18:16:28.342,0.004883, -0.283203, 0.956543,6.393433, -3.273010, -2.494812,rivka
2020-03-13,18:16:28.372,0.010254, -0.300537, 0.946289,-0.160217, 1.548767, -0.907898,rivka
2020-03-13,18:16:28.400,0.011230, -0.279541, 0.939209,-2.082825, -1.022339, -1.625061,rivka
2020-03-13,18:16:28.428,0.000732, -0.311279, 0.950439,8.964539, -2.983093, -5.470276,rivka
2020-03-13,18:16:28.456,0.000244, -0.276855, 0.985596,20.912170, -3.936768, -11.062622,rivka
2020-03-13,18:16:28.484,0.017090, -0.265869, 0.956543,21.377563, -4.745483, -8.232117,rivka
2020-03-13,18:16:28.512,0.026123, -0.251709, 0.964600,27.282715, -7.362366, -0.503540,rivka
2020-03-13,18:16:28.540,0.042969, -0.186279, 0.947510,19.821167, 1.632690, 0.732422,rivka
2020-03-13,18:16:28.569,0.032715, -0.276611, 0.939209,8.781433, 0.831604, -4.104614,rivka
2020-03-13,18:16:28.602,0.027344, -0.197998, 0.951904,13.053894, -2.632141, -5.928040,rivka
2020-03-13,18:16:28.635,0.033691, -0.210449, 0.969727,13.267517, 1.663208, 0.267029,rivka
2020-03-13,18:16:28.662,0.033936, -0.157959, 0.980713,7.423401, 0.106812, 1.274109,rivka
2020-03-13,18:16:28.690,0.026611, -0.195068, 0.970459,8.491516, -0.984192, 0.167847,rivka
2020-03-13,18:16:28.718,0.015625, -0.203125, 0.963135,6.721497, 1.495361, -0.091553,rivka
2020-03-13,18:16:28.750,0.039551, -0.185547, 0.990967,9.857178, -1.258850, -0.457764,rivka
2020-03-13,18:16:28.779,0.037842, -0.188965, 0.976318,14.862061, 0.312805, -7.614136,rivka
2020-03-13,18:16:28.806,0.043213, -0.148438, 0.990479,7.789612, -3.295898, -6.896973,rivka
2020-03-13,18:16:28.835,0.036377, -0.170166, 0.939453,10.841370, -5.104065, -3.959656,rivka
2020-03-13,18:16:28.864,0.041748, -0.183838, 0.984375,18.898010, -4.295349, -9.452820,rivka
2020-03-13,18:16:28.894,0.047607, -0.146729, 0.980957,9.155273, 3.021240, -1.457214,rivka
2020-03-13,18:16:28.924,0.050537, -0.146240, 0.981689,3.929138, -2.960205, -1.724243,rivka
2020-03-13,18:16:28.952,0.047119, -0.138184, 0.963135,2.891541, -1.159668, -1.091003,rivka
2020-03-13,18:16:28.980,0.049805, -0.166504, 0.986328,8.003235, -2.258301, -5.165100,rivka
2020-03-13,18:16:29.008,0.054688, -0.119385, 0.979248,4.173279, 1.220703, 0.900269,rivka
2020-03-13,18:16:29.038,0.060059, -0.137695, 0.983398,6.607056, 1.502991, 1.213074,rivka
2020-03-13,18:16:29.066,0.053467, -0.129150, 0.964844,6.210327, -0.907898, -0.732422,rivka
2020-03-13,18:16:29.095,0.054932, -0.137207, 0.979980,6.484985, 0.907898, 1.419067,rivka
2020-03-13,18:16:29.124,0.055908, -0.131348, 0.990479,10.826111, 3.967285, 4.737854,rivka
2020-03-13,18:16:29.151,0.060059, -0.062256, 1.021973,12.008667, 0.045776, -0.350952,rivka
2020-03-13,18:16:29.179,0.050781, -0.097656, 0.979004,12.351990, -1.556396, -4.684448,rivka
2020-03-13,18:16:29.208,0.046875, -0.090088, 0.955566,16.716003, -1.556396, -3.601074,rivka
2020-03-13,18:16:29.235,0.057861, -0.072998, 1.020264,6.782532, 5.424500, -0.129700,rivka
2020-03-13,18:16:29.263,0.066406, -0.086182, 0.995117,4.425049, 2.593994, -1.228333,rivka
2020-03-13,18:16:29.293,0.055420, -0.080811, 0.961426,2.006531, 5.187988, 2.220154,rivka
2020-03-13,18:16:29.327,0.063721, -0.069824, 0.991699,5.348206, 11.878967, 4.608154,rivka
2020-03-13,18:16:29.358,0.054443, -0.063232, 1.011963,8.743286, 4.447937, 0.030518,rivka
2020-03-13,18:16:29.386,0.043457, -0.076172, 0.987061,13.450623, 1.823425, -3.677368,rivka
2020-03-13,18:16:29.414,0.044189, -0.059326, 0.974609,13.687134, 3.433228, -3.967285,rivka
2020-03-13,18:16:29.445,0.048096, -0.036621, 0.988525,11.291504, 9.681702, -3.295898,rivka
2020-03-13,18:16:29.474,0.046387, -0.016846, 0.997070,5.615234, 3.524780, -4.516602,rivka
2020-03-13,18:16:29.502,0.050293, -0.030029, 0.984131,5.226135, 0.717163, -3.303528,rivka
2020-03-13,18:16:29.529,0.047607, -0.086670, 0.979004,12.817383, 4.859924, -7.347107,rivka
2020-03-13,18:16:29.556,0.052002, -0.009033, 1.004883,10.665894, 7.492065, -3.761292,rivka
2020-03-13,18:16:29.586,0.040283, -0.022705, 0.986084,12.237549, 5.607605, -5.508423,rivka
2020-03-13,18:16:29.616,0.035889, -0.014160, 0.981934,12.802124, 5.500793, -1.388550,rivka
2020-03-13,18:16:29.645,0.036621, -0.018555, 0.989502,11.154175, 5.157471, 0.839233,rivka
2020-03-13,18:16:29.672,0.047119, 0.033691, 0.995605,9.117126, 6.423950, -6.149292,rivka
2020-03-13,18:16:29.700,0.028809, -0.003174, 0.973877,13.351440, 4.257202, -4.295349,rivka
2020-03-13,18:16:29.729,0.030273, -0.012451, 1.011475,15.251160, 5.371094, -5.264282,rivka
2020-03-13,18:16:29.759,0.032959, 0.045654, 0.977539,16.517639, 4.753113, -9.735107,rivka
2020-03-13,18:16:29.787,0.041992, 0.079102, 1.000488,5.790710, 1.686096, -5.432129,rivka
2020-03-13,18:16:29.815,0.026367, 0.036133, 0.971191,-2.418518, 4.241943, 1.777649,rivka
2020-03-13,18:16:29.843,0.030273, 0.027100, 1.014893,2.647400, 4.356384, 3.265381,rivka
2020-03-13,18:16:29.872,0.027100, -0.004639, 1.003174,15.022278, 7.186890, -0.991821,rivka
2020-03-13,18:16:29.902,0.043457, 0.090576, 1.009277,6.599426, 12.580872, -0.518799,rivka
2020-03-13,18:16:29.930,0.024170, 0.072754, 0.986084,2.990723, 5.401611, -0.404358,rivka
2020-03-13,18:16:29.957,0.013184, 0.076172, 0.985840,4.646301, 4.264832, 2.189636,rivka
2020-03-13,18:16:29.985,0.006592, 0.044434, 0.981445,7.125854, 6.294250, 2.021790,rivka
2020-03-13,18:16:30.013,0.019043, 0.070557, 1.020020,17.433167, 5.584717, -5.981445,rivka
2020-03-13,18:16:30.044,0.007324, 0.103760, 0.990479,6.172180, 4.158020, -3.425598,rivka
2020-03-13,18:16:30.072,0.010498, 0.058838, 0.971924,7.301331, 3.707886, -1.800537,rivka
2020-03-13,18:16:30.100,0.013916, 0.068115, 1.007568,8.010864, 7.011414, -4.394531,rivka
2020-03-13,18:16:30.127,0.010254, 0.024414, 1.005127,28.678894, 6.416321, -24.124146,rivka
2020-03-13,18:16:30.156,0.005859, 0.169434, 0.964844,19.096375, 4.310608, -10.986328,rivka
2020-03-13,18:16:30.185,0.008057, 0.100586, 0.977539,18.836975, 1.770020, -9.635925,rivka
2020-03-13,18:16:30.214,0.004395, 0.120850, 0.979980,23.117065, 4.783630, -3.372192,rivka
2020-03-13,18:16:30.242,0.018555, 0.107178, 1.007812,40.489197, 6.347656, -4.356384,rivka
2020-03-13,18:16:30.269,0.007812, 0.172119, 0.961914,49.797058, 7.980347, -6.179810,rivka
2020-03-13,18:16:30.298,-0.003906, 0.201660, 0.967041,47.546387, 5.752563, -4.295349,rivka
2020-03-13,18:16:30.326,-0.017578, 0.172607, 0.970703,46.325684, 5.523682, -2.861023,rivka
2020-03-13,18:16:30.355,-0.017578, 0.193848, 0.926514,60.104370, 7.148743, 0.961304,rivka
2020-03-13,18:16:30.382,0.006348, 0.257812, 0.947510,77.278137, 15.365601, 13.122559,rivka
2020-03-13,18:16:30.410,-0.011963, 0.383545, 1.000000,58.052063, 10.192871, -4.692078,rivka
2020-03-13,18:16:30.440,-0.025391, 0.347168, 0.937256,34.805298, 6.988525, -0.259399,rivka
2020-03-13,18:16:30.470,-0.016846, 0.291992, 0.927490,45.631409, 2.082825, -5.111694,rivka
2020-03-13,18:16:30.498,-0.010986, 0.402100, 0.945068,47.569275, 8.796692, -9.925842,rivka
2020-03-13,18:16:30.526,-0.027344, 0.440186, 0.935303,34.606934, 3.952026, -12.443542,rivka
2020-03-13,18:16:30.553,-0.039062, 0.375488, 0.883057,23.086548, 4.859924, -5.561829,rivka
2020-03-13,18:16:30.582,-0.032959, 0.341064, 0.910889,41.374207, 5.882263, -5.729675,rivka
2020-03-13,18:16:30.610,-0.043701, 0.427002, 0.902588,62.225342, 9.246826, -9.017944,rivka
2020-03-13,18:16:30.638,-0.038818, 0.524902, 0.908691,28.160095, 5.325317, -14.862061,rivka
2020-03-13,18:16:30.666,-0.045166, 0.409912, 0.863281,11.367798, 5.599976, -10.383606,rivka
2020-03-13,18:16:30.693,-0.050049, 0.385254, 0.835938,34.698486, 11.230469, 14.289856,rivka
2020-03-13,18:16:30.722,-0.065918, 0.579590, 0.828369,13.961792, 21.095276, 12.474060,rivka
2020-03-13,18:16:30.750,-0.057129, 0.561035, 0.932861,23.643494, 7.308960, -10.322571,rivka
2020-03-13,18:16:30.777,-0.063477, 0.513672, 0.857178,6.500244, 3.036499, -7.164001,rivka
2020-03-13,18:16:30.805,-0.066895, 0.463379, 0.793457,17.410278, 3.082275, -0.038147,rivka
2020-03-13,18:16:30.833,-0.054688, 0.490967, 0.850830,37.948608, 8.392334, 8.399963,rivka
2020-03-13,18:16:30.861,-0.074219, 0.637451, 0.833740,23.658752, 7.873535, 6.011963,rivka
2020-03-13,18:16:30.889,-0.070801, 0.567871, 0.822266,-3.631592, 8.430481, 15.655518,rivka
2020-03-13,18:16:30.917,-0.054688, 0.469238, 0.857422,13.885498, 5.432129, 10.810852,rivka
2020-03-13,18:16:30.944,-0.055908, 0.560303, 0.813477,35.209656, 8.728027, 1.464844,rivka
2020-03-13,18:16:30.972,-0.066162, 0.610840, 0.833252,29.716492, 4.119873, -5.409241,rivka
2020-03-13,18:16:31.001,-0.069336, 0.607910, 0.791748,16.242981, 4.417419, -3.845215,rivka
2020-03-13,18:16:31.029,-0.049561, 0.551758, 0.775635,21.659851, 6.439209, 5.073547,rivka
2020-03-13,18:16:31.057,-0.089111, 0.632324, 0.796143,29.350281, 15.396118, -6.217957,rivka
2020-03-13,18:16:31.085,-0.086670, 0.698975, 0.869629,20.919800, -0.137329, -28.663635,rivka
2020-03-13,18:16:31.112,-0.103027, 0.642822, 0.777832,22.552490, -6.919861, -35.827637,rivka
2020-03-13,18:16:31.140,-0.097168, 0.573975, 0.733887,10.070801, 1.411438, -5.218506,rivka
2020-03-13,18:16:31.168,-0.091064, 0.578613, 0.782715,33.370972, 8.049011, 1.312256,rivka
2020-03-13,18:16:31.196,-0.098633, 0.698730, 0.722900,37.284851, 15.968323, -10.131836,rivka
2020-03-13,18:16:31.224,-0.125000, 0.752197, 0.750732,5.043030, 5.142212, -9.048462,rivka
2020-03-13,18:16:31.252,-0.119141, 0.646973, 0.737793,-1.480103, 1.129150, -6.858826,rivka
2020-03-13,18:16:31.280,-0.118408, 0.636475, 0.714844,-1.113892, 2.693176, 4.058838,rivka
2020-03-13,18:16:31.308,-0.104980, 0.641113, 0.764893,25.100708, 2.876282, -0.823975,rivka
2020-03-13,18:16:31.335,-0.121094, 0.698242, 0.733154,29.533386, 3.799438, -2.899170,rivka
2020-03-13,18:16:31.363,-0.120850, 0.730957, 0.712646,11.230469, 4.287720, 5.325317,rivka
2020-03-13,18:16:31.391,-0.123779, 0.704834, 0.728271,-3.166199, 0.366211, 11.405945,rivka
2020-03-13,18:16:31.419,-0.066895, 0.639893, 0.740479,13.504028, 5.348206, 13.389587,rivka
2020-03-13,18:16:31.447,-0.109375, 0.639893, 0.727051,43.495178, 7.759094, 13.603210,rivka
2020-03-13,18:16:31.475,-0.115723, 0.863770, 0.640381,5.012512, 12.336731, 8.117676,rivka
2020-03-13,18:16:31.502,-0.099121, 0.705078, 0.739746,-3.784180, 1.098633, -2.174377,rivka
2020-03-13,18:16:31.530,-0.114746, 0.703613, 0.676025,0.648499, 1.846313, 2.655029,rivka
2020-03-13,18:16:31.558,-0.098389, 0.691406, 0.674072,3.852844, 3.509521, 10.986328,rivka
2020-03-13,18:16:31.586,-0.106689, 0.747314, 0.695312,14.709473, 1.586914, -4.196167,rivka
2020-03-13,18:16:31.614,-0.103760, 0.702637, 0.669189,21.415710, -2.151489, -0.251770,rivka
2020-03-13,18:16:31.641,-0.093506, 0.716309, 0.688232,16.708374, 5.722046, 13.542175,rivka
2020-03-13,18:16:31.669,-0.075195, 0.731201, 0.662842,16.906738, 12.794495, 17.814636,rivka
2020-03-13,18:16:31.697,-0.103271, 0.831543, 0.672119,-12.100220, 9.956360, 14.457703,rivka
2020-03-13,18:16:31.728,-0.081543, 0.715332, 0.702148,-15.296936, 8.064270, 11.390686,rivka
2020-03-13,18:16:31.758,-0.083496, 0.702393, 0.678955,-2.784729, 7.476807, 7.278442,rivka
2020-03-13,18:16:31.786,-0.087646, 0.762451, 0.679688,6.950378, 6.874084, 2.876282,rivka
2020-03-13,18:16:31.811,-0.101074, 0.768555, 0.664062,3.616333, 3.288269, 1.106262,rivka
2020-03-13,18:16:31.839,-0.083496, 0.712646, 0.677002,0.152588, 0.907898, -2.555847,rivka
2020-03-13,18:16:31.868,-0.092285, 0.749023, 0.664062,6.225586, 0.114441, -2.685547,rivka
2020-03-13,18:16:31.896,-0.083984, 0.749023, 0.683594,8.140564, 0.686646, -1.869202,rivka
2020-03-13,18:16:31.924,-0.087402, 0.744141, 0.659668,0.854492, 3.585815, 2.502441,rivka
2020-03-13,18:16:31.952,-0.095459, 0.770752, 0.674316,-2.258301, 2.883911, 1.434326,rivka
2020-03-13,18:16:31.980,-0.090576, 0.747559, 0.670654,-1.274109, 2.487183, 1.800537,rivka
2020-03-13,18:16:32.008,-0.078369, 0.721924, 0.683350,19.897461, -2.456665, -10.307312,rivka
2020-03-13,18:16:32.035,-0.091797, 0.786865, 0.639404,17.837524, -0.007629, -9.101868,rivka
2020-03-13,18:16:32.063,-0.094482, 0.758789, 0.665771,5.943298, -0.297546, -7.194519,rivka
2020-03-13,18:16:32.090,-0.098877, 0.768311, 0.630615,-2.769470, 2.799988, 0.175476,rivka
2020-03-13,18:16:32.125,-0.086426, 0.729980, 0.671143,17.967224, -2.738953, -9.231567,rivka
2020-03-13,18:16:32.157,-0.092529, 0.776123, 0.631348,15.457153, 0.679016, -5.378723,rivka
2020-03-13,18:16:32.185,-0.110107, 0.804932, 0.628174,-3.158569, 1.068115, -0.823975,rivka
2020-03-13,18:16:32.212,-0.100586, 0.742920, 0.616943,-11.550903, 2.983093, 5.867004,rivka
2020-03-13,18:16:32.241,-0.087891, 0.752686, 0.655518,-10.765076, 5.035400, 11.199951,rivka
2020-03-13,18:16:32.270,-0.101074, 0.779541, 0.643799,-5.233765, 2.120972, 1.792908,rivka
2020-03-13,18:16:32.298,-0.078857, 0.769531, 0.665283,10.047913, -1.731873, -6.263733,rivka
2020-03-13,18:16:32.325,-0.099609, 0.772217, 0.631836,3.822327, 1.335144, -1.243591,rivka
2020-03-13,18:16:32.353,-0.084717, 0.732178, 0.652832,14.686584, -1.029968, -6.011963,rivka
2020-03-13,18:16:32.382,-0.094238, 0.779785, 0.620605,17.257690, 0.450134, -4.302979,rivka
2020-03-13,18:16:32.411,-0.102783, 0.815918, 0.615234,1.502991, 2.525330, -1.937866,rivka
2020-03-13,18:16:32.439,-0.100098, 0.755859, 0.632812,6.309509, -1.792908, -6.477356,rivka
2020-03-13,18:16:32.467,-0.101074, 0.781006, 0.609619,8.987427, 1.014709, -3.395081,rivka
2020-03-13,18:16:32.495,-0.099365, 0.784424, 0.638184,15.815735, 0.350952, -6.599426,rivka
2020-03-13,18:16:32.523,-0.113525, 0.800049, 0.605225,21.789551, -3.517151, -12.054443,rivka
2020-03-13,18:16:32.553,-0.114746, 0.781250, 0.583496,11.596680, -1.083374, -5.271912,rivka
2020-03-13,18:16:32.581,-0.093506, 0.772217, 0.633301,37.963867, -3.128052, -13.343811,rivka
2020-03-13,18:16:32.609,-0.110352, 0.825439, 0.577148,29.937744, -2.571106, -8.682251,rivka
2020-03-13,18:16:32.637,-0.124512, 0.848145, 0.545166,13.168335, -1.060486, -2.632141,rivka
2020-03-13,18:16:32.666,-0.123291, 0.836670, 0.532959,-18.615723, 6.576538, 14.389038,rivka
2020-03-13,18:16:32.695,-0.093750, 0.793945, 0.616455,3.082275, 3.791809, 3.562927,rivka
2020-03-13,18:16:32.725,-0.105225, 0.812500, 0.577881,13.885498, 2.441406, -0.343323,rivka
2020-03-13,18:16:32.752,-0.105957, 0.834229, 0.567871,26.664734, -0.488281, -9.559631,rivka
2020-03-13,18:16:32.780,-0.119873, 0.854248, 0.559082,15.876770, 0.907898, -1.731873,rivka
2020-03-13,18:16:32.809,-0.113281, 0.825928, 0.556396,18.981934, -0.297546, -2.662659,rivka
2020-03-13,18:16:32.840,-0.108398, 0.861084, 0.549561,22.804260, 1.380920, -1.426697,rivka
2020-03-13,18:16:32.868,-0.114746, 0.839600, 0.521973,29.296875, -2.265930, -6.500244,rivka
2020-03-13,18:16:32.896,-0.114746, 0.840820, 0.520020,25.070190, 2.555847, 0.297546,rivka
2020-03-13,18:16:32.924,-0.108398, 0.843018, 0.525635,42.091370, 2.189636, -2.601624,rivka
2020-03-13,18:16:32.953,-0.116699, 0.864746, 0.489990,56.037903, 4.211426, -2.632141,rivka
2020-03-13,18:16:32.982,-0.142822, 0.961670, 0.430176,33.203125, 5.073547, -3.379822,rivka
2020-03-13,18:16:33.010,-0.133057, 0.925293, 0.425293,9.613037, 3.189087, 9.361267,rivka
2020-03-13,18:16:33.039,-0.109131, 0.875977, 0.483154,15.480042, -0.602722, -1.220703,rivka
2020-03-13,18:16:33.066,-0.116699, 0.888916, 0.430420,19.378662, -1.213074, -0.434875,rivka
2020-03-13,18:16:33.095,-0.111084, 0.898193, 0.448486,26.695251, -1.502991, 2.082825,rivka
2020-03-13,18:16:33.123,-0.121094, 0.934570, 0.401123,24.566650, 1.152039, -1.892090,rivka
2020-03-13,18:16:33.152,-0.109131, 0.929688, 0.403809,9.460449, 2.174377, 5.783081,rivka
2020-03-13,18:16:33.179,-0.101318, 0.934326, 0.404541,13.000488, 5.081177, 5.981445,rivka
2020-03-13,18:16:33.207,-0.107422, 0.924316, 0.377441,17.524719, 3.364563, -1.602173,rivka
2020-03-13,18:16:33.236,-0.116699, 0.953613, 0.382324,3.654480, 1.220703, -4.188538,rivka
2020-03-13,18:16:33.266,-0.125244, 0.927979, 0.360596,-6.584167, 3.280640, 1.686096,rivka
2020-03-13,18:16:33.294,-0.124023, 0.933105, 0.378418,-2.319336, 1.731873, 2.555847,rivka
2020-03-13,18:16:33.321,-0.098877, 0.901855, 0.392334,18.058777, 0.663757, 0.564575,rivka
2020-03-13,18:16:33.349,-0.096924, 0.940430, 0.375488,20.324707, 1.167297, -0.900269,rivka
2020-03-13,18:16:33.379,-0.104248, 0.948486, 0.366455,12.191772, 1.945496, -1.731873,rivka
2020-03-13,18:16:33.407,-0.107178, 0.943115, 0.360352,-3.646851, 1.014709, 3.196716,rivka
2020-03-13,18:16:33.435,-0.104248, 0.931641, 0.367676,-7.164001, 1.983643, 5.477905,rivka
2020-03-13,18:16:33.463,-0.089355, 0.926270, 0.388428,5.195618, 0.518799, -2.349854,rivka
2020-03-13,18:16:33.491,-0.100342, 0.932617, 0.358887,3.860474, 3.181458, 1.632690,rivka
2020-03-13,18:16:33.518,-0.099609, 0.926514, 0.379395,14.373779, 2.136230, 1.152039,rivka
2020-03-13,18:16:33.547,-0.108398, 0.968506, 0.327881,6.576538, 1.373291, 2.571106,rivka
2020-03-13,18:16:33.575,-0.111572, 0.962402, 0.336914,4.806519, 1.716614, 2.456665,rivka
2020-03-13,18:16:33.603,-0.105469, 0.940918, 0.357178,8.285522, 0.411987, -0.259399,rivka
2020-03-13,18:16:33.630,-0.107422, 0.967041, 0.333740,7.484436, 1.388550, 2.761841,rivka
2020-03-13,18:16:33.659,-0.094971, 0.954102, 0.343750,4.516602, 0.732422, 2.334595,rivka
2020-03-13,18:16:33.687,-0.103760, 0.961182, 0.319580,-1.380920, 1.083374, 3.952026,rivka
2020-03-13,18:16:33.715,-0.096924, 0.956787, 0.338135,-0.747681, 0.953674, 1.358032,rivka
2020-03-13,18:16:33.742,-0.086426, 0.936279, 0.351318,8.514404, 0.885010, 0.480652,rivka
2020-03-13,18:16:33.770,-0.101562, 0.981445, 0.315186,8.705139, 1.731873, 1.792908,rivka
2020-03-13,18:16:33.798,-0.095215, 0.953125, 0.316406,8.148193, 2.777100, 2.403259,rivka
2020-03-13,18:16:33.827,-0.095703, 0.985107, 0.322510,4.608154, 0.686646, -1.716614,rivka
2020-03-13,18:16:33.855,-0.100586, 0.963867, 0.301270,4.730225, -1.556396, -3.509521,rivka
2020-03-13,18:16:33.882,-0.081543, 0.927979, 0.332031,15.975952, -2.639771, -7.392883,rivka
2020-03-13,18:16:33.910,-0.094727, 0.948486, 0.308594,24.383545, -3.173828, -9.254456,rivka
2020-03-13,18:16:33.939,-0.109375, 0.981934, 0.275635,14.816284, -0.473022, -7.263184,rivka
2020-03-13,18:16:33.968,-0.115723, 0.995117, 0.266113,1.998901, -0.656128, -2.296448,rivka
2020-03-13,18:16:33.997,-0.109131, 0.972412, 0.265381,-7.720947, -0.747681, 2.334595,rivka
2020-03-13,18:16:34.025,-0.089844, 0.939453, 0.303711,3.166199, -0.076294, 0.259399,rivka
2020-03-13,18:16:34.052,-0.100098, 0.972412, 0.277344,7.507324, 1.869202, 0.282288,rivka
2020-03-13,18:16:34.081,-0.100098, 0.985352, 0.282959,2.098083, 2.563477, -0.305176,rivka
2020-03-13,18:16:34.109,-0.099121, 0.971436, 0.283691,7.614136, 0.671387, -0.106812,rivka
2020-03-13,18:16:34.136,-0.098389, 0.957275, 0.275879,4.478455, 2.807617, -1.335144,rivka
2020-03-13,18:16:34.164,-0.097900, 0.969727, 0.270264,9.384155, 2.555847, -5.661011,rivka
2020-03-13,18:16:34.192,-0.115479, 1.009033, 0.241943,-3.417969, -0.511169, -6.607056,rivka
2020-03-13,18:16:34.220,-0.111084, 0.935059, 0.278076,-12.107849, -1.907349, 1.800537,rivka
2020-03-13,18:16:34.249,-0.094482, 0.968018, 0.254395,-8.460999, 3.028870, 9.063721,rivka
2020-03-13,18:16:34.277,-0.096436, 1.012695, 0.294922,-9.796143, 4.692078, 4.692078,rivka
2020-03-13,18:16:34.305,-0.098877, 0.981689, 0.277588,-4.257202, 2.593994, -3.128052,rivka
2020-03-13,18:16:34.332,-0.093018, 0.946777, 0.270020,-9.956360, 4.745483, 6.317139,rivka
2020-03-13,18:16:34.360,-0.107422, 0.978516, 0.271729,-23.963928, 4.119873, 9.567261,rivka
2020-03-13,18:16:34.389,-0.105225, 0.999512, 0.290771,-54.420471, 5.699158, 13.359070,rivka
2020-03-13,18:16:34.417,-0.091064, 1.001709, 0.369873,-84.327698, 6.546021, 10.826111,rivka
2020-03-13,18:16:34.444,-0.088135, 0.934814, 0.372559,-78.239441, 2.471924, 2.616882,rivka
2020-03-13,18:16:34.472,-0.095703, 0.883545, 0.369141,-65.208435, 0.427246, 4.264832,rivka
2020-03-13,18:16:34.500,-0.083740, 0.886475, 0.413574,-57.029724, 4.615784, 4.226685,rivka
2020-03-13,18:16:34.528,-0.075684, 0.919189, 0.461182,-51.284790, 10.345459, 7.392883,rivka
2020-03-13,18:16:34.556,-0.091553, 0.962158, 0.495361,-75.164795, 7.705688, 2.922058,rivka
2020-03-13,18:16:34.584,-0.080078, 0.891357, 0.478760,-99.365234, 10.612488, 11.390686,rivka
2020-03-13,18:16:34.612,-0.072266, 0.815186, 0.521973,-100.502014, 11.688232, 11.611938,rivka
2020-03-13,18:16:34.640,-0.075439, 0.777588, 0.596924,-77.880859, 4.203796, 9.529114,rivka
2020-03-13,18:16:34.665,-0.097900, 0.858154, 0.558105,-88.241577, 12.779236, 4.989624,rivka
2020-03-13,18:16:34.690,-0.096191, 0.800537, 0.644043,-98.419189, 2.235413, 4.150391,rivka
2020-03-13,18:16:34.716,-0.074219, 0.714111, 0.683594,-83.961487, 0.411987, 1.632690,rivka
2020-03-13,18:16:34.743,-0.062744, 0.653320, 0.708740,-67.314148, -2.090454, 6.408691,rivka
2020-03-13,18:16:34.772,-0.053223, 0.659668, 0.754883,-36.422729, 2.830505, 0.022888,rivka
2020-03-13,18:16:34.801,-0.050049, 0.693115, 0.724121,-23.139954, -1.396179, -2.685547,rivka
2020-03-13,18:16:34.830,-0.057617, 0.701416, 0.727051,-33.424377, 2.555847, 6.912231,rivka
2020-03-13,18:16:34.857,-0.073242, 0.697021, 0.731934,-47.256470, 1.220703, 4.821777,rivka
2020-03-13,18:16:34.885,-0.071045, 0.637207, 0.756104,-45.959473, -2.197266, 2.182007,rivka
2020-03-13,18:16:34.914,-0.076172, 0.665771, 0.749023,-56.419373, -5.142212, -3.311157,rivka
2020-03-13,18:16:34.944,-0.068604, 0.581543, 0.796387,-60.455322, -5.256653, 5.264282,rivka
2020-03-13,18:16:34.972,-0.059814, 0.536865, 0.841309,-35.408020, -4.753113, 2.479553,rivka
2020-03-13,18:16:35.000,-0.062500, 0.534668, 0.829834,-27.236938, 0.923157, 2.082825,rivka
2020-03-13,18:16:35.027,-0.049316, 0.624268, 0.843018,-28.480530, -1.548767, -4.714966,rivka
2020-03-13,18:16:35.056,-0.057617, 0.564453, 0.860596,-32.386780, -4.776001, -8.224487,rivka
2020-03-13,18:16:35.085,-0.058350, 0.525391, 0.822266,-35.995483, -7.102966, -4.768372,rivka
2020-03-13,18:16:35.113,-0.052979, 0.489990, 0.865723,-21.873474, -0.808716, 1.075745,rivka
2020-03-13,18:16:35.141,-0.050049, 0.519287, 0.845215,-12.168884, 2.265930, 2.708435,rivka
2020-03-13,18:16:35.169,-0.033447, 0.578125, 0.878418,-22.438049, -4.356384, -8.300781,rivka
2020-03-13,18:16:35.198,-0.032227, 0.489990, 0.856201,-29.129028, -8.682251, -9.811401,rivka
2020-03-13,18:16:35.227,-0.051025, 0.445312, 0.874023,-21.949768, -4.554749, 4.226685,rivka
2020-03-13,18:16:35.256,-0.018799, 0.480957, 0.860840,-21.041870, 2.372742, -5.332947,rivka
2020-03-13,18:16:35.283,-0.017822, 0.504639, 0.909424,-19.538879, -3.967285, -13.305664,rivka
2020-03-13,18:16:35.311,-0.058838, 0.444824, 0.903564,-20.256042, -3.288269, -4.714966,rivka
2020-03-13,18:16:35.339,-0.048096, 0.428711, 0.869385,-18.959045, 2.761841, 8.094788,rivka
2020-03-13,18:16:35.368,-0.021240, 0.447266, 0.881104,-23.323059, 5.531311, -8.369446,rivka
2020-03-13,18:16:35.396,-0.030762, 0.494141, 0.922607,-27.290344, -2.304077, -24.154663,rivka
2020-03-13,18:16:35.423,-0.030518, 0.465576, 0.920166,-39.367676, -10.475159, -27.450562,rivka
2020-03-13,18:16:35.451,-0.043213, 0.341797, 0.914062,-23.277283, 0.892639, -8.148193,rivka
2020-03-13,18:16:35.479,-0.029541, 0.367432, 0.885986,-16.960144, 7.392883, -21.087646,rivka
2020-03-13,18:16:35.507,-0.053955, 0.441162, 0.861328,-6.629944, 36.270142, -59.814453,rivka
2020-03-13,18:16:35.535,-0.089844, 0.381104, 0.964111,1.579285, 40.992737, -43.907166,rivka
2020-03-13,18:16:35.563,-0.176514, 0.382324, 0.909180,-0.442505, 30.052185, -7.118225,rivka
2020-03-13,18:16:35.591,-0.139160, 0.385498, 0.905029,-3.204346, 19.630432, 13.397217,rivka
2020-03-13,18:16:35.620,-0.104004, 0.397217, 0.893799,-13.320923, 16.456604, -1.823425,rivka
2020-03-13,18:16:35.649,-0.123291, 0.381592, 0.933594,-13.366699, 14.282227, -9.223938,rivka
2020-03-13,18:16:35.677,-0.142822, 0.362549, 0.894775,-5.317688, 13.801575, 0.663757,rivka
2020-03-13,18:16:35.705,-0.129883, 0.356934, 0.875732,-8.934021, 38.833618, 12.886047,rivka
2020-03-13,18:16:35.733,-0.136963, 0.352539, 0.886719,-4.440308, 28.823853, -8.850098,rivka
2020-03-13,18:16:35.762,-0.168701, 0.360596, 0.937012,7.171631, 31.028748, -12.527466,rivka
2020-03-13,18:16:35.789,-0.206543, 0.383057, 0.909668,3.242493, 25.909424, -1.152039,rivka
2020-03-13,18:16:35.817,-0.220215, 0.427490, 0.900391,-2.983093, 28.869629, 4.890442,rivka
2020-03-13,18:16:35.844,-0.213867, 0.385498, 0.886963,0.755310, 24.002075, 5.233765,rivka
2020-03-13,18:16:35.872,-0.208496, 0.380371, 0.905518,-1.403809, 22.872925, -7.171631,rivka
2020-03-13,18:16:35.901,-0.243896, 0.371338, 0.949463,-8.361816, 20.355225, -1.701355,rivka
2020-03-13,18:16:35.930,-0.256836, 0.404053, 0.891846,-13.755798, 13.000488, 6.935120,rivka
2020-03-13,18:16:35.957,-0.221924, 0.345947, 0.882080,-5.569458, 13.412476, -3.120422,rivka
2020-03-13,18:16:35.985,-0.239014, 0.330322, 0.855469,-10.932922, 14.884949, -9.292603,rivka
2020-03-13,18:16:36.013,-0.269043, 0.347900, 0.884521,-1.266479, 17.829895, -9.277344,rivka
2020-03-13,18:16:36.041,-0.280273, 0.348145, 0.869629,-0.869751, 20.301819, 5.264282,rivka
2020-03-13,18:16:36.069,-0.280273, 0.444092, 0.898438,2.578735, 19.752502, 5.462646,rivka
2020-03-13,18:16:36.097,-0.282715, 0.350342, 0.875488,-11.444092, 11.756897, -5.920410,rivka
2020-03-13,18:16:36.125,-0.293945, 0.358887, 0.911621,-2.441406, 11.413574, -2.494812,rivka
2020-03-13,18:16:36.152,-0.312988, 0.357178, 0.909424,-3.982544, 10.162354, 0.030518,rivka
2020-03-13,18:16:36.180,-0.316895, 0.362305, 0.892578,-0.061035, 7.659912, 7.987976,rivka
2020-03-13,18:16:36.209,-0.325684, 0.361572, 0.887939,-5.821228, 3.929138, 8.384705,rivka
2020-03-13,18:16:36.237,-0.315430, 0.343018, 0.867432,-3.746033, 0.572205, 12.763977,rivka
2020-03-13,18:16:36.265,-0.305664, 0.355225, 0.872559,3.082275, -3.250122, 14.808655,rivka
2020-03-13,18:16:36.292,-0.302734, 0.371826, 0.851318,4.951477, -4.524231, 13.885498,rivka
2020-03-13,18:16:36.321,-0.285889, 0.401855, 0.854492,2.433777, -6.439209, 13.389587,rivka
2020-03-13,18:16:36.349,-0.282715, 0.406982, 0.873291,-3.410339, -10.810852, 12.825012,rivka
2020-03-13,18:16:36.377,-0.254395, 0.356934, 0.899902,-7.041931, -11.054993, 8.941650,rivka
2020-03-13,18:16:36.404,-0.250732, 0.340576, 0.881592,-5.592346, -7.476807, 0.511169,rivka
2020-03-13,18:16:36.432,-0.248779, 0.367920, 0.897461,7.827759, -5.661011, 3.440857,rivka
2020-03-13,18:16:36.462,-0.263672, 0.375488, 0.910400,-1.853943, -0.061035, 16.113281,rivka
2020-03-13,18:16:36.490,-0.270264, 0.446045, 0.904785,-12.092590, -3.326416, 10.398865,rivka
2020-03-13,18:16:36.518,-0.242432, 0.394531, 0.845215,0.885010, -31.417847, -1.571655,rivka
2020-03-13,18:16:36.546,-0.223389, 0.386963, 0.895020,-13.366699, -27.267456, 4.516602,rivka
2020-03-13,18:16:36.573,-0.203857, 0.379150, 0.852783,-3.822327, -34.049988, 9.559631,rivka
2020-03-13,18:16:36.602,-0.181152, 0.434814, 0.902100,-13.603210, -32.653809, 10.269165,rivka
2020-03-13,18:16:36.630,-0.170898, 0.362793, 0.874268,-10.894775, -24.459839, -7.369995,rivka
2020-03-13,18:16:36.658,-0.169434, 0.360840, 0.924561,-9.719849, -17.303467, -1.495361,rivka
2020-03-13,18:16:36.685,-0.161865, 0.325684, 0.930664,4.661560, -15.243530, -2.487183,rivka
2020-03-13,18:16:36.713,-0.166016, 0.402344, 0.924805,-7.591248, -13.175964, -2.494812,rivka
2020-03-13,18:16:36.741,-0.148926, 0.376709, 0.916504,-11.672974, -16.593933, -7.667542,rivka
2020-03-13,18:16:36.769,-0.136719, 0.357178, 0.922852,-12.161255, -17.196655, 3.654480,rivka
2020-03-13,18:16:36.797,-0.143799, 0.347900, 0.924805,-14.160156, -17.700195, 0.732422,rivka
2020-03-13,18:16:36.825,-0.124268, 0.385986, 0.908936,-16.662598, -22.232056, -1.846313,rivka
2020-03-13,18:16:36.853,-0.129883, 0.371826, 0.942627,-17.715454, -30.715942, -7.797241,rivka
2020-03-13,18:16:36.881,-0.103516, 0.321533, 0.936523,-16.082764, -37.666321, -4.524231,rivka
2020-03-13,18:16:36.910,-0.082764, 0.293701, 0.949463,-30.632019, -21.583557, -1.129150,rivka
2020-03-13,18:16:36.938,-0.037598, 0.461670, 1.043457,-51.139832, -19.927979, 6.858826,rivka
2020-03-13,18:16:36.966,-0.049561, 0.306152, 1.003906,-24.055481, -82.183838, -5.256653,rivka
2020-03-13,18:16:36.993,-0.034668, 0.251465, 0.972168,-31.799316, -51.094055, 11.428833,rivka
2020-03-13,18:16:37.022,-0.024414, 0.280762, 0.888672,-34.469604, -54.260254, 16.365051,rivka
2020-03-13,18:16:37.049,0.063477, 0.226074, 0.892822,-35.156250, -46.615601, 24.337769,rivka
2020-03-13,18:16:37.077,0.072266, 0.235352, 0.966797,-38.955688, -39.443970, 4.272461,rivka
2020-03-13,18:16:37.105,0.071533, 0.182617, 0.932129,-29.830933, -40.145874, 2.189636,rivka
2020-03-13,18:16:37.132,0.076172, 0.144775, 0.917236,-23.468018, -43.151855, -0.259399,rivka
2020-03-13,18:16:37.161,0.144531, 0.166504, 0.978027,-21.751404, -30.677795, 13.618469,rivka
2020-03-13,18:16:37.191,0.160645, 0.209229, 1.009277,-17.677307, -38.864136, 1.075745,rivka
2020-03-13,18:16:37.219,0.183350, 0.133545, 0.912598,11.642456, -50.781250, -8.560181,rivka
2020-03-13,18:16:37.246,0.187012, 0.168457, 0.951172,-2.296448, -19.706726, 24.391174,rivka
2020-03-13,18:16:37.274,0.197510, 0.144775, 0.972900,2.510071, -15.617371, 29.327393,rivka
2020-03-13,18:16:37.302,0.241943, 0.271484, 1.036865,-8.857727, -19.058228, 17.837524,rivka
2020-03-13,18:16:37.330,0.196045, 0.199707, 0.968994,-6.263733, -26.229858, 14.533997,rivka
2020-03-13,18:16:37.358,0.231934, 0.148682, 0.909912,-7.369995, -24.444580, 11.947632,rivka
2020-03-13,18:16:37.385,0.223633, 0.182617, 0.951660,-15.892029, -14.991760, 20.820618,rivka
2020-03-13,18:16:37.413,0.265625, 0.209717, 0.980957,-7.629395, -21.064758, 7.125854,rivka
2020-03-13,18:16:37.443,0.282471, 0.162598, 0.914062,-12.870789, -32.096863, 1.876831,rivka
2020-03-13,18:16:37.472,0.307373, 0.119629, 0.953369,-14.068604, -21.080017, 5.149841,rivka
2020-03-13,18:16:37.499,0.321533, 0.090576, 0.938965,2.456665, -12.336731, -0.846863,rivka
2020-03-13,18:16:37.527,0.334717, 0.233398, 0.992432,1.853943, -1.441956, -5.172729,rivka
2020-03-13,18:16:37.554,0.312988, 0.143799, 0.974854,-4.730225, 4.043579, -6.095886,rivka
2020-03-13,18:16:37.584,0.301758, 0.149170, 0.981689,0.610352, 11.451721, -8.789062,rivka
2020-03-13,18:16:37.612,0.285889, 0.141846, 0.937256,6.179810, 16.250610, -5.195618,rivka
2020-03-13,18:16:37.640,0.293701, 0.169922, 0.981689,2.090454, 18.440247, -10.459900,rivka
2020-03-13,18:16:37.668,0.270996, 0.167236, 0.966309,3.082275, 21.217346, -13.031006,rivka
2020-03-13,18:16:37.697,0.248047, 0.176514, 0.951904,-0.839233, 20.660400, -11.451721,rivka
2020-03-13,18:16:37.726,0.231934, 0.192383, 0.929688,2.914429, 23.651123, -0.701904,rivka
2020-03-13,18:16:37.754,0.221436, 0.170654, 0.942627,7.347107, 17.494202, -5.149841,rivka
2020-03-13,18:16:37.781,0.225342, 0.189209, 0.950439,5.920410, 17.051697, 6.645203,rivka
2020-03-13,18:16:37.807,0.232910, 0.189697, 0.961182,6.118774, 20.248413, 26.649475,rivka
2020-03-13,18:16:37.832,0.213135, 0.214111, 0.974365,-2.388000, 22.895813, 28.938293,rivka
2020-03-13,18:16:37.857,0.199951, 0.149902, 0.951416,4.249573, 14.511108, 7.278442,rivka
2020-03-13,18:16:37.885,0.189453, 0.162842, 0.966064,16.128540, 18.569946, 5.699158,rivka
2020-03-13,18:16:37.913,0.210449, 0.203369, 0.980225,16.754150, 16.227722, 0.907898,rivka
2020-03-13,18:16:37.943,0.172607, 0.249512, 0.965576,8.415222, 17.723083, 6.629944,rivka
2020-03-13,18:16:37.971,0.148682, 0.158691, 0.946777,10.887146, 14.488220, -1.281738,rivka
2020-03-13,18:16:38.000,0.159668, 0.181641, 0.944336,13.710022, 21.141052, 2.914429,rivka
2020-03-13,18:16:38.033,0.182617, 0.191406, 0.999023,15.991211, 27.191162, 2.693176,rivka
2020-03-13,18:16:38.061,0.166260, 0.247070, 0.976318,19.615173, 34.301758, -6.736755,rivka
2020-03-13,18:16:38.089,0.136475, 0.190186, 0.940430,21.888733, 27.694702, -8.743286,rivka
2020-03-13,18:16:38.117,0.117432, 0.256592, 0.972900,15.480042, 29.418945, -9.780884,rivka
2020-03-13,18:16:38.145,0.132080, 0.233398, 0.948486,23.254395, 34.523010, -23.544312,rivka
2020-03-13,18:16:38.174,0.083252, 0.323730, 0.955322,11.520386, 27.648926, -23.490906,rivka
2020-03-13,18:16:38.202,0.055908, 0.276367, 0.933350,16.983032, 39.802551, -10.299683,rivka
2020-03-13,18:16:38.229,0.043701, 0.338867, 0.943604,14.152527, 32.592773, 3.257751,rivka
2020-03-13,18:16:38.258,0.051270, 0.303467, 0.902344,9.620667, 32.630920, 8.171082,rivka
2020-03-13,18:16:38.286,0.029541, 0.289795, 0.916504,8.750916, 36.262512, -10.948181,rivka
2020-03-13,18:16:38.314,-0.022949, 0.320068, 0.987061,13.610840, 55.633545, 5.493164,rivka
2020-03-13,18:16:38.342,-0.017822, 0.373047, 0.944092,10.292053, 30.387878, 7.469177,rivka
2020-03-13,18:16:38.370,-0.017578, 0.322754, 0.924561,5.233765, 27.626038, 8.140564,rivka
2020-03-13,18:16:38.398,-0.033447, 0.291748, 0.959473,7.331848, 20.217896, -9.552002,rivka
2020-03-13,18:16:38.427,-0.052979, 0.347168, 0.986572,2.418518, 28.678894, -5.279541,rivka
2020-03-13,18:16:38.455,-0.086670, 0.353271, 0.963623,-4.272461, 27.168274, 6.980896,rivka
2020-03-13,18:16:38.483,-0.050537, 0.294922, 0.940918,-4.989624, 32.165527, -5.256653,rivka
2020-03-13,18:16:38.511,-0.065186, 0.326660, 0.928955,-3.471375, 37.666321, -34.042358,rivka
2020-03-13,18:16:38.540,-0.119629, 0.335205, 0.861816,-7.377625, 45.829773, -17.715454,rivka
2020-03-13,18:16:38.569,-0.170898, 0.366455, 0.947021,-4.463196, 26.809692, -3.906250,rivka
2020-03-13,18:16:38.600,-0.156982, 0.331787, 0.966064,-5.371094, 31.295776, -4.829407,rivka
2020-03-13,18:16:38.630,-0.164795, 0.337158, 0.916504,1.594543, 39.009094, -27.526855,rivka
2020-03-13,18:16:38.658,-0.195801, 0.294189, 0.899170,0.427246, 47.683716, -24.200439,rivka
2020-03-13,18:16:38.688,-0.222168, 0.319092, 0.923340,-4.295349, 60.478210, 0.282288,rivka
2020-03-13,18:16:38.717,-0.163086, 0.288330, 1.031006,-6.652832, 60.676575, -25.138855,rivka
2020-03-13,18:16:38.749,-0.298828, 0.321777, 0.908447,5.584717, 33.241272, -25.428772,rivka
2020-03-13,18:16:38.778,-0.277832, 0.291504, 0.914062,16.548157, 67.138672, -5.851746,rivka
2020-03-13,18:16:38.806,-0.322998, 0.333740, 0.951416,-3.593445, 59.478760, 6.019592,rivka
2020-03-13,18:16:38.839,-0.332275, 0.345703, 0.873535,19.683838, 27.038574, -16.975403,rivka
2020-03-13,18:16:38.870,-0.392822, 0.308105, 0.942627,4.745483, 29.815674, -5.973816,rivka
2020-03-13,18:16:38.900,-0.456055, 0.318359, 0.818848,2.159119, 43.228149, 20.988464,rivka
2020-03-13,18:16:38.928,-0.440674, 0.389404, 0.815430,-9.025574, 26.161194, 30.937195,rivka
2020-03-13,18:16:38.957,-0.426758, 0.331055, 0.845215,-2.693176, 12.825012, 2.990723,rivka
2020-03-13,18:16:38.986,-0.454102, 0.327881, 0.850586,-10.452271, 8.651733, -1.960754,rivka
2020-03-13,18:16:39.016,-0.435547, 0.323730, 0.793457,-12.931824, -1.823425, -0.236511,rivka
2020-03-13,18:16:39.044,-0.442871, 0.315918, 0.808594,-19.325256, -5.187988, 10.772705,rivka
2020-03-13,18:16:39.072,-0.396973, 0.269775, 0.828857,-10.826111, -7.545471, -3.692627,rivka
2020-03-13,18:16:39.100,-0.425293, 0.299561, 0.869873,-8.705139, -12.512207, -11.665344,rivka
2020-03-13,18:16:39.129,-0.416016, 0.312012, 0.859131,-13.259888, -11.100769, -9.185791,rivka
2020-03-13,18:16:39.158,-0.400146, 0.279297, 0.863525,-11.154175, -10.887146, 4.318237,rivka
2020-03-13,18:16:39.186,-0.368896, 0.305176, 0.868896,-12.062073, -7.614136, 11.833191,rivka
2020-03-13,18:16:39.214,-0.357666, 0.310303, 0.903564,-8.369446, -11.238098, -2.273560,rivka
2020-03-13,18:16:39.245,-0.379639, 0.296387, 0.863770,-8.972168, -13.710022, -9.452820,rivka
2020-03-13,18:16:39.276,-0.363037, 0.248779, 0.851318,-7.888794, -17.150879, -10.536194,rivka
2020-03-13,18:16:39.304,-0.368896, 0.269531, 0.910400,-14.442444, -22.994995, -13.183594,rivka
2020-03-13,18:16:39.337,-0.416992, 0.303467, 1.004639,-15.129089, -50.888062, 1.373291,rivka
2020-03-13,18:16:39.366,-0.285889, 0.225098, 0.863525,-7.644653, -41.496277, 1.457214,rivka
2020-03-13,18:16:39.399,-0.330811, 0.318359, 0.958008,-9.933472, -50.369263, -6.523132,rivka
2020-03-13,18:16:39.432,-0.283691, 0.279785, 0.934082,-5.386353, -56.518555, 1.319885,rivka
2020-03-13,18:16:39.460,-0.230225, 0.251709, 0.912354,-12.634277, -39.314270, 7.278442,rivka
2020-03-13,18:16:39.488,-0.223877, 0.200684, 0.823486,-14.137268, -48.881531, 5.043030,rivka
2020-03-13,18:16:39.516,-0.197510, 0.277832, 0.985352,-19.271851, -40.100098, -0.930786,rivka
2020-03-13,18:16:39.544,-0.177246, 0.280029, 0.997803,-16.296387, -38.414001, 1.487732,rivka
2020-03-13,18:16:39.573,-0.167725, 0.221680, 0.930908,-9.948730, -46.432495, 3.067017,rivka
2020-03-13,18:16:39.601,-0.131592, 0.215576, 0.923096,-16.372681, -34.301758, 7.637024,rivka
2020-03-13,18:16:39.633,-0.125488, 0.249756, 0.969482,-13.999939, -41.030884, -4.768372,rivka
2020-03-13,18:16:39.661,-0.102783, 0.193359, 0.999756,-13.885498, -42.114258, -4.364014,rivka
2020-03-13,18:16:39.689,-0.090332, 0.209229, 1.023926,-14.450073, -63.293457, 1.777649,rivka
2020-03-13,18:16:39.717,-0.076416, 0.233887, 0.930908,-25.886536, -49.911499, 18.638611,rivka
2020-03-13,18:16:39.745,-0.012207, 0.265625, 0.980713,-39.894104, -40.344238, 13.099670,rivka
2020-03-13,18:16:39.773,0.007812, 0.174561, 0.971924,-21.217346, -53.504944, -0.152588,rivka
2020-03-13,18:16:39.800,0.043457, 0.175537, 0.992920,-26.702881, -54.519653, 6.782532,rivka
2020-03-13,18:16:39.829,0.044434, 0.156250, 1.008301,-21.560669, -44.235229, 1.091003,rivka
2020-03-13,18:16:39.857,0.077148, 0.160400, 0.939941,-20.706177, -49.133301, 8.049011,rivka
2020-03-13,18:16:39.884,0.106934, 0.151367, 0.971680,-14.877319, -41.114807, 20.484924,rivka
2020-03-13,18:16:39.912,0.161377, 0.147217, 1.003906,-12.893677, -38.436890, 28.106689,rivka
2020-03-13,18:16:39.940,0.130615, 0.137695, 0.979980,-10.772705, -56.953430, 14.205933,rivka
2020-03-13,18:16:39.968,0.181396, 0.112793, 0.945801,-9.719849, -29.106140, 13.420105,rivka
2020-03-13,18:16:39.998,0.177734, 0.064209, 0.969727,-2.281189, -25.817871, 2.006531,rivka
2020-03-13,18:16:40.026,0.172119, 0.117920, 0.967773,6.195068, -13.328552, -7.934570,rivka
2020-03-13,18:16:40.054,0.220947, 0.177979, 0.949219,-1.258850, -23.460388, -6.095886,rivka
2020-03-13,18:16:40.081,0.221436, 0.157471, 0.967285,-11.405945, -34.744263, 10.246277,rivka
2020-03-13,18:16:40.109,0.235107, 0.112549, 0.947266,-19.454956, -30.364990, 19.561768,rivka
2020-03-13,18:16:40.138,0.217773, 0.083008, 0.943848,-18.524170, -38.803101, 0.167847,rivka
2020-03-13,18:16:40.167,0.321777, 0.122559, 0.955078,-9.216309, -39.360046, -4.402161,rivka
2020-03-13,18:16:40.195,0.336914, 0.121826, 0.962402,-10.208130, -32.714844, 7.217407,rivka
2020-03-13,18:16:40.223,0.356689, 0.081543, 0.927979,3.738403, -24.429321, 0.282288,rivka
2020-03-13,18:16:40.251,0.359375, 0.158691, 0.933105,-19.218445, -28.800964, 9.620667,rivka
2020-03-13,18:16:40.279,0.368896, 0.060791, 0.959473,-10.490417, -13.717651, 4.859924,rivka
2020-03-13,18:16:40.307,0.382568, 0.095215, 0.979736,-0.953674, 3.135681, -0.556946,rivka
2020-03-13,18:16:40.335,0.365723, 0.095947, 0.939697,8.316040, 10.231018, 1.525879,rivka
2020-03-13,18:16:40.362,0.350342, 0.113525, 0.952393,6.401062, 14.106750, 0.907898,rivka
2020-03-13,18:16:40.391,0.338135, 0.130615, 0.942139,1.220703, 17.936707, 4.455566,rivka
2020-03-13,18:16:40.420,0.333496, 0.107422, 0.923828,0.427246, 19.523621, -3.402710,rivka
2020-03-13,18:16:40.448,0.320801, 0.097656, 0.927979,2.494812, 24.620056, -4.692078,rivka
2020-03-13,18:16:40.476,0.304199, 0.108887, 0.920654,-0.938416, 33.592224, -5.271912,rivka
2020-03-13,18:16:40.503,0.275879, 0.110107, 0.943848,1.663208, 29.067993, -11.360168,rivka
2020-03-13,18:16:40.533,0.286865, 0.115723, 0.976074,1.899719, 33.355713, -2.593994,rivka
2020-03-13,18:16:40.561,0.289795, 0.106445, 0.957520,3.044128, 33.226013, -1.579285,rivka
2020-03-13,18:16:40.589,0.258789, 0.102783, 0.961182,-3.089905, 36.148071, -1.937866,rivka
2020-03-13,18:16:40.617,0.222656, 0.117920, 0.913330,-0.175476, 33.348083, -1.731873,rivka
2020-03-13,18:16:40.645,0.297607, 0.066650, 0.997070,1.884460, 52.261353, 5.378723,rivka
2020-03-13,18:16:40.673,0.222412, 0.099609, 1.030518,22.491455, 53.237915, -1.724243,rivka
2020-03-13,18:16:40.703,0.185547, 0.110107, 0.917969,16.967773, 66.200256, 8.010864,rivka
2020-03-13,18:16:40.730,0.116211, 0.069336, 0.951904,33.874512, 35.064697, -3.158569,rivka
2020-03-13,18:16:40.758,0.065674, 0.107422, 0.959229,5.279541, 32.089233, 13.442993,rivka
2020-03-13,18:16:40.786,0.079102, 0.156738, 1.037354,13.069153, 31.814575, 7.705688,rivka
2020-03-13,18:16:40.814,0.088623, 0.236328, 1.062012,-21.575928, 22.583008, -2.082825,rivka
2020-03-13,18:16:40.842,0.062744, 0.186768, 0.965576,-19.714355, 3.852844, -11.627197,rivka
2020-03-13,18:16:40.870,0.013672, 0.197510, 0.925293,-33.111572, -3.410339, -1.800537,rivka
2020-03-13,18:16:40.897,0.028076, 0.134277, 0.967041,-21.934509, -2.296448, 10.452271,rivka
2020-03-13,18:16:40.925,0.062988, 0.064941, 1.009033,-40.550232, 2.799988, -6.179810,rivka
2020-03-13,18:16:40.954,0.095703, 0.028320, 0.981445,-36.300659, -0.122070, -22.293091,rivka
2020-03-13,18:16:40.982,0.067383, 0.120850, 1.024902,6.912231, 5.210876, -13.542175,rivka
2020-03-13,18:16:41.010,0.090576, 0.125488, 1.023926,32.295227, 18.753052, 6.820679,rivka
2020-03-13,18:16:41.035,0.101562, 0.112061, 0.939697,36.231995, 17.005920, 8.392334,rivka
2020-03-13,18:16:41.060,0.064453, 0.141602, 0.864258,41.099548, 6.050110, 3.219604,rivka
2020-03-13,18:16:41.086,0.070068, 0.183350, 1.008301,0.465393, 3.067017, 7.308960,rivka
2020-03-13,18:16:41.111,0.081787, 0.208008, 1.040527,-4.898071, 10.658264, 8.644104,rivka
2020-03-13,18:16:41.137,0.047119, 0.190430, 0.991455,2.212524, 12.077332, 8.735657,rivka
2020-03-13,18:16:41.164,0.020264, 0.195068, 0.959961,7.736206, 5.546570, 4.196167,rivka
2020-03-13,18:16:41.191,0.032715, 0.167236, 0.990967,17.112732, -1.296997, -2.807617,rivka
2020-03-13,18:16:41.220,0.048828, 0.181885, 1.048096,3.898621, 1.983643, -4.768372,rivka
2020-03-13,18:16:41.250,0.031494, 0.165771, 1.017578,-9.185791, 2.281189, -6.286621,rivka
2020-03-13,18:16:41.279,0.001953, 0.158691, 0.974609,-23.750305, 1.968384, -0.625610,rivka
2020-03-13,18:16:41.307,-0.010742, 0.202148, 0.971191,-27.664185, -2.784729, -4.646301,rivka
2020-03-13,18:16:41.335,-0.022949, 0.173096, 1.003174,-20.744324, 3.501892, -4.028320,rivka
2020-03-13,18:16:41.363,0.003662, 0.117432, 0.975342,-22.773743, 4.692078, -0.785828,rivka
2020-03-13,18:16:41.393,0.028076, 0.119629, 0.941650,-21.102905, -0.419617, -1.716614,rivka
2020-03-13,18:16:41.421,0.042969, 0.100830, 0.967773,7.484436, -3.822327, -11.665344,rivka
2020-03-13,18:16:41.448,0.036865, 0.139404, 0.986328,39.772034, -1.968384, -7.019043,rivka
2020-03-13,18:16:41.476,0.065918, 0.125977, 0.920166,-0.961304, -9.323120, -0.045776,rivka
2020-03-13,18:16:41.505,0.064453, 0.157227, 0.976318,-12.298584, -12.863159, -0.259399,rivka
2020-03-13,18:16:41.533,0.099854, 0.133789, 0.989502,-62.545776, -15.068054, -2.243042,rivka
2020-03-13,18:16:41.561,0.103760, 0.063965, 1.020020,-29.022217, -13.076782, -3.334045,rivka
2020-03-13,18:16:41.588,0.118164, 0.066895, 0.984619,11.100769, -7.156372, -9.368896,rivka
2020-03-13,18:16:41.616,0.132080, 0.116943, 0.966064,-1.060486, -8.552551, -7.125854,rivka
2020-03-13,18:16:41.645,0.128418, 0.131104, 0.979004,1.678467, -12.878418, -11.917114,rivka
2020-03-13,18:16:41.673,0.177002, 0.120361, 1.034668,-15.876770, -8.422852, -2.143860,rivka
2020-03-13,18:16:41.701,0.162354, 0.107666, 0.986572,9.849548, -0.473022, -3.898621,rivka
2020-03-13,18:16:41.729,0.168945, 0.111572, 0.956787,11.695862, 4.714966, 5.767822,rivka
2020-03-13,18:16:41.756,0.163330, 0.152100, 1.011719,11.672974, 10.429382, 5.149841,rivka
2020-03-13,18:16:41.787,0.146484, 0.097412, 1.002197,23.857117, 12.268066, 2.532959,rivka
2020-03-13,18:16:41.816,0.131104, 0.125732, 1.018311,21.835327, 14.831543, 4.272461,rivka
2020-03-13,18:16:41.844,0.105225, 0.135010, 0.971191,27.366638, 16.929626, 4.402161,rivka
2020-03-13,18:16:41.872,0.093018, 0.187012, 0.959717,20.980835, 13.351440, 6.233215,rivka
2020-03-13,18:16:41.899,0.081787, 0.175781, 0.977783,0.328064, 9.231567, 4.158020,rivka
2020-03-13,18:16:41.928,0.047363, 0.205811, 0.939209,10.704041, 5.950928, 10.086060,rivka
2020-03-13,18:16:41.957,0.054443, 0.171387, 0.997803,-3.555298, 8.033752, 9.468079,rivka
2020-03-13,18:16:41.986,0.043213, 0.195801, 0.937988,-8.323669, 5.302429, -0.686646,rivka
2020-03-13,18:16:42.014,0.048584, 0.155273, 0.964844,-27.397156, -3.074646, -9.140015,rivka
2020-03-13,18:16:42.042,0.062256, 0.145752, 1.010498,-9.315491, -2.517700, -10.002136,rivka
2020-03-13,18:16:42.071,0.072266, 0.169189, 1.022217,6.912231, 7.492065, -2.548218,rivka
2020-03-13,18:16:42.099,0.060547, 0.168701, 0.996338,6.050110, 7.919312, -5.226135,rivka
2020-03-13,18:16:42.127,0.063232, 0.155029, 0.993896,8.575439, 9.719849, 0.869751,rivka
2020-03-13,18:16:42.154,0.061523, 0.172363, 1.005859,-1.365662, 11.024475, 0.480652,rivka
2020-03-13,18:16:42.182,0.043945, 0.153076, 0.994141,6.011963, 10.696411, -2.975464,rivka
2020-03-13,18:16:42.211,0.022949, 0.155518, 0.996338,13.816833, 13.412476, -2.220154,rivka
2020-03-13,18:16:42.239,-0.010254, 0.230469, 0.982178,9.162903, 9.933472, -3.288269,rivka
2020-03-13,18:16:42.267,-0.013428, 0.192871, 0.978271,4.386902, 3.341675, -2.693176,rivka
2020-03-13,18:16:42.294,-0.021240, 0.203613, 0.966064,-6.240845, -2.441406, -1.083374,rivka
2020-03-13,18:16:42.322,-0.003174, 0.213379, 0.975586,-2.944946, -6.240845, -1.602173,rivka
2020-03-13,18:16:42.351,0.011963, 0.228027, 0.943848,-5.172729, -2.334595, -6.782532,rivka
2020-03-13,18:16:42.382,0.047852, 0.164307, 0.959961,-19.912720, -12.702942, -9.277344,rivka
2020-03-13,18:16:42.409,0.057861, 0.126953, 0.987305,-31.082153, -10.063171, -8.888245,rivka
2020-03-13,18:16:42.437,0.071777, 0.100098, 0.963867,-17.120361, -9.819031, -3.929138,rivka
2020-03-13,18:16:42.465,0.081299, 0.138184, 0.978516,-9.086609, -9.483337, -0.961304,rivka
2020-03-13,18:16:42.494,0.095459, 0.151611, 1.008057,-7.934570, -9.521484, -1.831055,rivka
2020-03-13,18:16:42.522,0.102051, 0.169922, 1.011963,-30.075073, -8.544922, -5.996704,rivka
2020-03-13,18:16:42.550,0.109131, 0.148193, 0.995361,-26.817322, -11.138916, -5.493164,rivka
2020-03-13,18:16:42.577,0.122803, 0.135498, 0.974854,-11.413574, -14.686584, -4.119873,rivka
2020-03-13,18:16:42.605,0.137695, 0.118896, 0.966309,-17.631531, -13.496399, -1.121521,rivka
2020-03-13,18:16:42.633,0.163086, 0.099121, 0.967041,-24.047852, -10.559082, -4.402161,rivka
2020-03-13,18:16:42.662,0.183105, 0.106689, 0.951172,-10.162354, -5.226135, -2.159119,rivka
2020-03-13,18:16:42.689,0.182373, 0.064453, 0.955811,7.797241, 2.265930, 0.312805,rivka
2020-03-13,18:16:42.717,0.181396, 0.086182, 0.985107,28.892517, 12.382507, 0.221252,rivka
2020-03-13,18:16:42.744,0.160156, 0.126709, 0.992432,39.924622, 20.141602, 1.411438,rivka
2020-03-13,18:16:42.773,0.156006, 0.167236, 1.006348,15.617371, 17.814636, 0.839233,rivka
2020-03-13,18:16:42.803,0.123291, 0.163818, 1.017090,4.005432, 18.806458, 2.098083,rivka
2020-03-13,18:16:42.831,0.097168, 0.135010, 1.000977,-1.205444, 18.142700, 2.151489,rivka
2020-03-13,18:16:42.859,0.081543, 0.196289, 0.997314,-6.515503, 21.911621, -3.334045,rivka
2020-03-13,18:16:42.887,0.076416, 0.143555, 0.987793,20.431519, 19.729614, -6.973267,rivka
2020-03-13,18:16:42.915,0.053711, 0.177979, 0.992188,20.835876, 21.163940, -4.875183,rivka
2020-03-13,18:16:42.945,0.035645, 0.188965, 0.962402,0.595093, 16.632080, -1.693726,rivka
2020-03-13,18:16:42.973,0.026367, 0.163818, 0.944336,-4.829407, 15.464783, 2.319336,rivka
2020-03-13,18:16:43.000,0.012939, 0.167480, 0.978516,1.502991, 14.953613, 0.480652,rivka
2020-03-13,18:16:43.029,0.010742, 0.166992, 0.991943,15.106201, 19.500732, 1.235962,rivka
2020-03-13,18:16:43.057,0.012695, 0.156006, 0.960449,20.133972, 15.380859, 2.441406,rivka
2020-03-13,18:16:43.085,-0.013184, 0.212891, 0.987793,14.144897, 12.008667, -0.808716,rivka
2020-03-13,18:16:43.113,-0.018555, 0.201416, 0.966064,2.136230, 10.398865, 0.923157,rivka
2020-03-13,18:16:43.140,-0.033936, 0.202393, 0.984619,6.561279, 9.498596, 0.831604,rivka
2020-03-13,18:16:43.168,-0.049316, 0.206543, 1.000244,9.468079, 8.415222, -1.846313,rivka
2020-03-13,18:16:43.197,-0.067139, 0.189697, 0.977539,7.858276, 5.249023, -2.677917,rivka
2020-03-13,18:16:43.225,-0.069580, 0.233643, 0.984131,5.813599, -1.396179, -2.296448,rivka
2020-03-13,18:16:43.253,-0.051270, 0.223633, 0.968994,-7.354736, -3.700256, -2.159119,rivka
2020-03-13,18:16:43.281,-0.058838, 0.227295, 0.981934,-14.396667, -7.522583, -1.541138,rivka
2020-03-13,18:16:43.309,-0.031006, 0.229736, 0.945557,-26.756287, -11.817932, -4.852295,rivka
2020-03-13,18:16:43.338,-0.018311, 0.191895, 0.964600,-18.035889, -9.963989, -10.864258,rivka
2020-03-13,18:16:43.366,0.025879, 0.143799, 0.960938,-21.926880, -12.550354, -7.171631,rivka
2020-03-13,18:16:43.394,0.022217, 0.168701, 0.956543,-18.745422, -14.877319, -1.716614,rivka
2020-03-13,18:16:43.421,0.062256, 0.143311, 0.950928,-18.424988, -16.723633, 4.570007,rivka
2020-03-13,18:16:43.450,0.149658, 0.072021, 1.092041,-39.115906, -16.517639, -9.101868,rivka
2020-03-13,18:16:43.479,0.088135, 0.109863, 0.976074,-9.407043, -10.246277, -2.235413,rivka
2020-03-13,18:16:43.507,0.114746, 0.088135, 1.098389,-27.343750, -9.429932, -7.743835,rivka
2020-03-13,18:16:43.535,0.106445, 0.110107, 1.030762,-11.535645, -8.102417, 1.991272,rivka
2020-03-13,18:16:43.562,0.071533, 0.153809, 1.025146,-16.510010, -0.289917, 3.578186,rivka
2020-03-13,18:16:43.590,0.120361, 0.111816, 0.990234,-18.592834, 3.532410, 1.396179,rivka
2020-03-13,18:16:43.620,0.099609, 0.125244, 1.010498,-23.422241, 11.276245, -9.658813,rivka
2020-03-13,18:16:43.649,0.097656, 0.093262, 0.940674,-1.609802, 13.336182, -5.981445,rivka
2020-03-13,18:16:43.677,0.100830, 0.110107, 1.004883,1.106262, 14.915466, 0.762939,rivka
2020-03-13,18:16:43.704,0.089844, 0.089600, 1.004639,21.820068, 18.096924, 0.312805,rivka
2020-03-13,18:16:43.733,0.069580, 0.114746, 0.979004,-4.844666, 14.617920, -18.234253,rivka
2020-03-13,18:16:43.762,0.041992, 0.140381, 0.999023,1.228333, 14.587402, -8.460999,rivka
2020-03-13,18:16:43.790,0.033936, 0.132812, 1.002930,9.559631, 19.630432, -1.060486,rivka
2020-03-13,18:16:43.818,0.023926, 0.080811, 0.960205,6.546021, 18.501282, 0.648499,rivka
2020-03-13,18:16:43.845,0.003662, 0.141113, 0.999268,-2.166748, 17.013550, -4.211426,rivka
2020-03-13,18:16:43.874,-0.020508, 0.145264, 1.015137,-1.274109, 18.867493, -5.821228,rivka
2020-03-13,18:16:43.904,-0.015137, 0.145508, 0.995850,18.920898, 27.145386, 4.386902,rivka
2020-03-13,18:16:43.933,-0.019287, 0.105957, 0.979492,29.212952, 23.933411, 4.745483,rivka
2020-03-13,18:16:43.960,-0.042480, 0.159912, 0.988037,12.298584, 24.131775, 1.075745,rivka
2020-03-13,18:16:43.988,-0.073242, 0.160156, 0.979736,19.676208, 29.457092, 0.480652,rivka
2020-03-13,18:16:44.018,-0.061279, 0.086914, 0.974365,57.006836, 71.495056, 1.029968,rivka
